-- Member 더미데이터
INSERT INTO uniqon.members (wallet_address, birth, gender, modify_date_time, name, nickname, profile_image, register_date_time, vp_token) VALUES ('0x00000000000000', '1998.04.30', '남', null, '진병욱', '짜릿병욱', 'https://kkini.s3.ap-northeast-2.amazonaws.com/uniqon/%EB%B3%91%EC%9A%B1.png', null, 'eyJhbGciOiJFUzI1NkstUiIsInR5cCI6IkpXVCJ9.eyJ2YyI6eyJAY29udGV4dCI6WyJodHRwczovL3d3dy53My5vcmcvMjAxOC9jcmVkZW50aWFscy92MSJdLCJ0eXBlIjpbIlZlcmlmaWFibGVDcmVkZW50aWFsIl0sImNyZWRlbnRpYWxTdWJqZWN0Ijp7ImRlZ3JlZSI6eyJ0eXBlIjoiSUQiLCJuYW1lIjoi7KeE67OR7JqxIiwibnVtYmVyIjoiOTgwNDMwIiwiYWRkcmVzcyI6Iuq0keyjvOq0keyXreyLnCDqtJHsgrDqtawifX19LCJzdWIiOiJkaWQ6ZXRocjpzZXBvbGlhOjB4MmNjM2NEMTk4YWU0OTUzMmUyOGREQmFlRjNGNkFkMjliOTc1ZDhEQyIsIm5iZiI6MTU2Mjk1MDI4MiwiaXNzIjoiZGlkOmV0aHI6c2Vwb2xpYToweEYyYTc0MjM0NzVDNjI0MDMyMTczMkVkNWY5ZTI5ZDk0ZEFCNjAzQTkifQ.9h8jrYVncb2YwG74R2GSQAASCTmnBIFFqmmo7PfjUV1ltUFDa67WJVZv_Z-ZVUn8kaa3n8hezcSDejYgFXJ7KgE');
INSERT INTO uniqon.members (wallet_address, birth, gender, modify_date_time, name, nickname, profile_image, register_date_time, vp_token) VALUES ('0x11111111111111', '1964.12.22', '남', null, '이재명', '도재명', 'https://i.namu.wiki/i/sA2mPQ01TG5qnfyfFippBGD-MFiGGvv8rbt6fPU2fkb45tWTcfleSZvFoqQWTzHLRVs6j61t01pPHiigVgoEDGcii8yz3p4XSZslTOZ4BJiShcxjqkUlcONVw-2wHk5nCD514b9PGH90x19wofODRg.webp', null, 'eyJhbGciOiJFUzI1NkstUiIsInR5cCI6IkpXVCJ9.eyJ2YyI6eyJAY29udGV4dCI6WyJodHRwczovL3d3dy53My5vcmcvMjAxOC9jcmVkZW50aWFscy92MSJdLCJ0eXBlIjpbIlZlcmlmaWFibGVDcmVkZW50aWFsIl0sImNyZWRlbnRpYWxTdWJqZWN0Ijp7ImRlZ3JlZSI6eyJ0eXBlIjoiSUQiLCJuYW1lIjoi7KeE67OR7JqxIiwibnVtYmVyIjoiOTgwNDMwIiwiYWRkcmVzcyI6Iuq0keyjvOq0keyXreyLnCDqtJHsgrDqtawifX19LCJzdWIiOiJkaWQ6ZXRocjpzZXBvbGlhOjB4MmNjM2NEMTk4YWU0OTUzMmUyOGREQmFlRjNGNkFkMjliOTc1ZDhEQyIsIm5iZiI6MTU2Mjk1MDI4MiwiaXNzIjoiZGlkOmV0aHI6c2Vwb2xpYToweEYyYTc0MjM0NzVDNjI0MDMyMTczMkVkNWY5ZTI5ZDk0ZEFCNjAzQTkifQ.9h8jrYVncb2YwG74R2GSQAASCTmnBIFFqmmo7PfjUV1ltUFDa67WJVZv_Z-ZVUn8kaa3n8hezcSDejYgFXJ7KgE');
INSERT INTO uniqon.members (wallet_address, birth, gender, modify_date_time, name, nickname, profile_image, register_date_time, vp_token) VALUES ('0x22222222222222', '1964.12.22', '남', null, '김한결', '섹시한결', 'https://kkini.s3.ap-northeast-2.amazonaws.com/uniqon/%ED%95%9C%EA%B2%B0.png', null, 'eyJhbGciOiJFUzI1NkstUiIsInR5cCI6IkpXVCJ9.eyJ2YyI6eyJAY29udGV4dCI6WyJodHRwczovL3d3dy53My5vcmcvMjAxOC9jcmVkZW50aWFscy92MSJdLCJ0eXBlIjpbIlZlcmlmaWFibGVDcmVkZW50aWFsIl0sImNyZWRlbnRpYWxTdWJqZWN0Ijp7ImRlZ3JlZSI6eyJ0eXBlIjoiSUQiLCJuYW1lIjoi7KeE67OR7JqxIiwibnVtYmVyIjoiOTgwNDMwIiwiYWRkcmVzcyI6Iuq0keyjvOq0keyXreyLnCDqtJHsgrDqtawifX19LCJzdWIiOiJkaWQ6ZXRocjpzZXBvbGlhOjB4MmNjM2NEMTk4YWU0OTUzMmUyOGREQmFlRjNGNkFkMjliOTc1ZDhEQyIsIm5iZiI6MTU2Mjk1MDI4MiwiaXNzIjoiZGlkOmV0aHI6c2Vwb2xpYToweEYyYTc0MjM0NzVDNjI0MDMyMTczMkVkNWY5ZTI5ZDk0ZEFCNjAzQTkifQ.9h8jrYVncb2YwG74R2GSQAASCTmnBIFFqmmo7PfjUV1ltUFDa67WJVZv_Z-ZVUn8kaa3n8hezcSDejYgFXJ7KgE');
INSERT INTO uniqon.members (wallet_address, birth, gender, modify_date_time, name, nickname, profile_image, register_date_time, vp_token) VALUES ('0x33333333333333', '1964.12.22', '여', null, '방상제', '빵상제', 'https://kkini.s3.ap-northeast-2.amazonaws.com/uniqon/%EC%83%81%EC%A0%9C.png', null, 'eyJhbGciOiJFUzI1NkstUiIsInR5cCI6IkpXVCJ9.eyJ2YyI6eyJAY29udGV4dCI6WyJodHRwczovL3d3dy53My5vcmcvMjAxOC9jcmVkZW50aWFscy92MSJdLCJ0eXBlIjpbIlZlcmlmaWFibGVDcmVkZW50aWFsIl0sImNyZWRlbnRpYWxTdWJqZWN0Ijp7ImRlZ3JlZSI6eyJ0eXBlIjoiSUQiLCJuYW1lIjoi7KeE67OR7JqxIiwibnVtYmVyIjoiOTgwNDMwIiwiYWRkcmVzcyI6Iuq0keyjvOq0keyXreyLnCDqtJHsgrDqtawifX19LCJzdWIiOiJkaWQ6ZXRocjpzZXBvbGlhOjB4MmNjM2NEMTk4YWU0OTUzMmUyOGREQmFlRjNGNkFkMjliOTc1ZDhEQyIsIm5iZiI6MTU2Mjk1MDI4MiwiaXNzIjoiZGlkOmV0aHI6c2Vwb2xpYToweEYyYTc0MjM0NzVDNjI0MDMyMTczMkVkNWY5ZTI5ZDk0ZEFCNjAzQTkifQ.9h8jrYVncb2YwG74R2GSQAASCTmnBIFFqmmo7PfjUV1ltUFDa67WJVZv_Z-ZVUn8kaa3n8hezcSDejYgFXJ7KgE');
INSERT INTO uniqon.members (wallet_address, birth, gender, modify_date_time, name, nickname, profile_image, register_date_time, vp_token) VALUES ('0x44444444444444', '1964.12.22', '여', null, '최지수', '큐트지수', 'https://kkini.s3.ap-northeast-2.amazonaws.com/uniqon/%EC%A7%80%EC%88%98.png', null, 'eyJhbGciOiJFUzI1NkstUiIsInR5cCI6IkpXVCJ9.eyJ2YyI6eyJAY29udGV4dCI6WyJodHRwczovL3d3dy53My5vcmcvMjAxOC9jcmVkZW50aWFscy92MSJdLCJ0eXBlIjpbIlZlcmlmaWFibGVDcmVkZW50aWFsIl0sImNyZWRlbnRpYWxTdWJqZWN0Ijp7ImRlZ3JlZSI6eyJ0eXBlIjoiSUQiLCJuYW1lIjoi7KeE67OR7JqxIiwibnVtYmVyIjoiOTgwNDMwIiwiYWRkcmVzcyI6Iuq0keyjvOq0keyXreyLnCDqtJHsgrDqtawifX19LCJzdWIiOiJkaWQ6ZXRocjpzZXBvbGlhOjB4MmNjM2NEMTk4YWU0OTUzMmUyOGREQmFlRjNGNkFkMjliOTc1ZDhEQyIsIm5iZiI6MTU2Mjk1MDI4MiwiaXNzIjoiZGlkOmV0aHI6c2Vwb2xpYToweEYyYTc0MjM0NzVDNjI0MDMyMTczMkVkNWY5ZTI5ZDk0ZEFCNjAzQTkifQ.9h8jrYVncb2YwG74R2GSQAASCTmnBIFFqmmo7PfjUV1ltUFDa67WJVZv_Z-ZVUn8kaa3n8hezcSDejYgFXJ7KgE');
INSERT INTO uniqon.members (wallet_address, birth, gender, modify_date_time, name, nickname, profile_image, register_date_time, vp_token) VALUES ('0x55555555555555', '1964.12.22', '여', null, '서지현', '체리지현', 'https://kkini.s3.ap-northeast-2.amazonaws.com/uniqon/%EC%A7%80%ED%98%84.png', null, 'eyJhbGciOiJFUzI1NkstUiIsInR5cCI6IkpXVCJ9.eyJ2YyI6eyJAY29udGV4dCI6WyJodHRwczovL3d3dy53My5vcmcvMjAxOC9jcmVkZW50aWFscy92MSJdLCJ0eXBlIjpbIlZlcmlmaWFibGVDcmVkZW50aWFsIl0sImNyZWRlbnRpYWxTdWJqZWN0Ijp7ImRlZ3JlZSI6eyJ0eXBlIjoiSUQiLCJuYW1lIjoi7KeE67OR7JqxIiwibnVtYmVyIjoiOTgwNDMwIiwiYWRkcmVzcyI6Iuq0keyjvOq0keyXreyLnCDqtJHsgrDqtawifX19LCJzdWIiOiJkaWQ6ZXRocjpzZXBvbGlhOjB4MmNjM2NEMTk4YWU0OTUzMmUyOGREQmFlRjNGNkFkMjliOTc1ZDhEQyIsIm5iZiI6MTU2Mjk1MDI4MiwiaXNzIjoiZGlkOmV0aHI6c2Vwb2xpYToweEYyYTc0MjM0NzVDNjI0MDMyMTczMkVkNWY5ZTI5ZDk0ZEFCNjAzQTkifQ.9h8jrYVncb2YwG74R2GSQAASCTmnBIFFqmmo7PfjUV1ltUFDa67WJVZv_Z-ZVUn8kaa3n8hezcSDejYgFXJ7KgE');


-- 대분류 더미
INSERT INTO uniqon.main_classifications (main_classification_id, type, image) VALUES (1, '여우', 'https://media.istockphoto.com/id/689213498/ko/%EB%B2%A1%ED%84%B0/%EB%A0%88%EB%93%9C-%ED%8F%AD%EC%8A%A4%EB%8A%94-%EB%8F%99%EA%B5%B4%EC%97%90-%EB%B2%A1%ED%84%B0-%EC%9D%BC%EB%9F%AC%EC%8A%A4%ED%8A%B8.jpg?s=2048x2048&w=is&k=20&c=YwbvfBh0F3a3xqk2KuOmD_EAhVM8I90KYbshvrVpCgs=');
INSERT INTO uniqon.main_classifications (main_classification_id, type, image) VALUES (2, '도마뱀', 'https://media.istockphoto.com/id/862153016/ko/%EB%B2%A1%ED%84%B0/%EC%B9%9C%EC%A0%88-%ED%95%9C-%ED%94%8C%EB%9E%AB-%EC%8A%A4%ED%83%80%EC%9D%BC%EC%97%90%EC%9D%B4-%EA%B5%AC-%EC%95%84%EB%82%98%EB%A5%BC-%EA%B7%B8%EB%A6%B0-%EB%B2%A1%ED%84%B0.jpg?s=2048x2048&w=is&k=20&c=l0mfZUZPEVn2njROgV5SP-EY9Tms47b5V9PGOIYjfAg=');
INSERT INTO uniqon.main_classifications (main_classification_id, type, image) VALUES (3, '거북', 'https://media.istockphoto.com/id/1131586106/ko/%EB%B2%A1%ED%84%B0/%EB%A7%8C%ED%99%94-%EB%B0%94%EB%8B%A4-%EA%B1%B0%EB%B6%81.jpg?s=2048x2048&w=is&k=20&c=olIewxabu5DIOREHGMXFKpWfSE08y4W67vUTHqrY3gw=');
INSERT INTO uniqon.main_classifications (main_classification_id, type, image) VALUES (4, '앵무새', 'https://media.istockphoto.com/id/1253293179/ko/%EB%B2%A1%ED%84%B0/%EC%97%AC%EB%9F%AC-%EA%B0%80%EC%A7%80-%EC%83%89%EC%83%81%EC%9D%98-%EC%95%B5%EB%AC%B4%EC%83%88%EA%B0%80-%ED%9D%B0%EC%83%89%EC%97%90-%EC%84%9C-%EC%9E%88%EB%8B%A4-%EC%9D%B4%EA%B5%AD%EC%A0%81%EC%9D%B8-%EC%83%88.jpg?s=2048x2048&w=is&k=20&c=ju7eoN87ySGCBPUdop_Srsub8kbRsaO-0rivHd6YZj8=');
INSERT INTO uniqon.main_classifications (main_classification_id, type, image) VALUES (5, '물고기', 'https://media.istockphoto.com/id/1045561036/ko/%EB%B2%A1%ED%84%B0/%EA%B7%80%EC%97%AC%EC%9A%B4-%EB%AC%BC%EA%B3%A0%EA%B8%B0-%EC%BA%90%EB%A6%AD%ED%84%B0%EC%9E%85%EB%8B%88%EB%8B%A4-%EB%A7%8C%ED%99%94-%EB%B2%A1%ED%84%B0-%EC%9D%BC%EB%9F%AC%EC%8A%A4%ED%8A%B8-%EB%A0%88%EC%9D%B4-%EC%85%98.jpg?s=2048x2048&w=is&k=20&c=88Zt8GUyXj9RgFqCIn3JX-lxGBhaZnkIx2DHYBk47OE=');
INSERT INTO uniqon.main_classifications (main_classification_id, type, image) VALUES (6, '뱀', 'https://media.istockphoto.com/id/1318324718/ko/%EB%B2%A1%ED%84%B0/%EB%85%B9%EC%83%89-%EC%9E%AC%EB%AF%B8-%EB%B1%80%EC%9D%80-%EA%B3%B5%EC%97%90-%EC%9B%85%ED%81%AC%EB%A6%AC%EA%B3%A0-%ED%8F%89%ED%8F%89%ED%95%9C-%EB%B2%A1%ED%84%B0-%EC%9D%BC%EB%9F%AC%EC%8A%A4%ED%8A%B8-%EA%B3%A0%EB%A6%BD.jpg?s=2048x2048&w=is&k=20&c=CTNsyGZnPNvZN-dl5iYW2yazr49o2cpQZDvkcooMir0=');
INSERT INTO uniqon.main_classifications (main_classification_id, type, image) VALUES (7, '카멜레온', 'https://media.istockphoto.com/id/1340051630/ko/%EB%B2%A1%ED%84%B0/%ED%9D%B0%EC%83%89-%EB%B0%B0%EA%B2%BD%EC%97%90-%EA%B2%A9%EB%A6%AC-%EB%90%9C-%EB%B2%A1%ED%84%B0-%EC%B9%B4%EB%A9%9C%EB%A0%88%EC%98%A8-%EB%8F%84%EB%A7%88%EB%B1%80.jpg?s=2048x2048&w=is&k=20&c=_NQ9ahKEAYsw3uH6a3W4_W7KzxG0PBDMDKJlPbQL2iY=');
INSERT INTO uniqon.main_classifications (main_classification_id, type, image) VALUES (8, '그 외', 'https://media.istockphoto.com/id/941014394/ko/%EB%B2%A1%ED%84%B0/%EC%95%BC%EC%83%9D-%EB%8F%99%EB%AC%BC-%ED%92%8D%EA%B2%BD.jpg?s=2048x2048&w=is&k=20&c=NgryEBa9pW6t408KG7LsvXTCR5r66VrIHcKvOsCwZow=');

-- 중분류 더미
INSERT INTO uniqon.middle_classifications (main_classification_id, middle_classification_id, species, feature, image) VALUES (1, 1, '뱅골여우', '길이 : 45~60cm, 꼬리 : 26~35cm, 몸무게 : 1.8~3.2kg', 'https://upload.wikimedia.org/wikipedia/commons/thumb/e/ee/Indianfox.jpg/300px-Indianfox.jpg');
INSERT INTO uniqon.middle_classifications (main_classification_id, middle_classification_id, species, feature, image) VALUES (2, 2, '레오파드 게코', '체장 : 18~20cm, 무게 : 50~70g', 'https://themonster.co.kr/web/product/big/202205/e8b56016f784dd8580a69905d1aa9644.jpg');
INSERT INTO uniqon.middle_classifications (main_classification_id, middle_classification_id, species, feature, image) VALUES (3, 3, '쟁기거북', '귀여움', 'https://cdn.newspenguin.com/news/photo/202207/11885_35796_1529.jpg');
INSERT INTO uniqon.middle_classifications (main_classification_id, middle_classification_id, species, feature, image) VALUES (4, 4, '금강앵무', '수명 : 50년, 무게 : 1.2~1.7kg, 길이 : 100cm', 'https://media.istockphoto.com/id/1294284442/ko/%EB%B2%A1%ED%84%B0/%EB%B8%8C%EB%9E%9C%EC%B9%98%EC%97%90-%EC%9E%90%EB%A6%AC-%EC%9E%A1%EC%9D%80-%EC%8A%A4%EC%B9%BC%EB%A0%9B-%EB%A7%88%EC%B9%B4%EC%98%A4-%EC%95%B5%EB%AC%B4%EC%83%88.jpg?s=2048x2048&w=is&k=20&c=AVDg6nFwl5z6fLUxNeJ3CkDH79BLfM7fFenmeu11chA=');
INSERT INTO uniqon.middle_classifications (main_classification_id, middle_classification_id, species, feature, image) VALUES (5, 5, '구피', '유명함', 'https://xn--2e0bb8861auda.com/web/product/big/202208/eb382537466088780c47bcea005ac5f4.jpg');
INSERT INTO uniqon.middle_classifications (main_classification_id, middle_classification_id, species, feature, image) VALUES (6, 6, '킹코브라', '길이 : 5.85m, 무기 : 9kg', 'https://t3.gstatic.com/licensed-image?q=tbn:ANd9GcSITqWtt0Kzh9UNMe1puQ3D8vdkMg0UV17tRtbf1yakrXm9bC6XmWKSpgBpDSgW1gmu');
INSERT INTO uniqon.middle_classifications (main_classification_id, middle_classification_id, species, feature, image) VALUES (7, 7, '베일드 카멜레온', '수명 : 6~8년, 길이 : 43~61cm', 'https://newrunreptile.co.kr/web/product/big/201903/346ed630ef4e29e3d2dca0ee38c9571c.jpg');
INSERT INTO uniqon.middle_classifications (main_classification_id, middle_classification_id, species, feature, image) VALUES (8, 8, '아펜 핀셔', '털 색 : 검은색, 크기 : 24~28cm, 무게 : 3~4kg', 'https://mblogthumb-phinf.pstatic.net/20140509_241/nohys23_1399601216289o0LFK_JPEG/%BE%C6%C7%C9%C6%E6%BC%C52.jpg?type=w2');


-- NFT 더미
INSERT INTO uniqon.nfts (age, middle_classification_id, nft_id, token_id, name, contract_address, feature, nft_tx_hash, nft_url, image, wallet_address, liked_cnt) VALUES (3, 8, 1, 111111, '멍뭉이', '0x00000', '개귀여움', 'asdfasf123sfasd', 'http://dfsdf', 'https://gateway.pinata.cloud/ipfs/QmWorfYFv5TWPpoSvfhqTAGSxq2UZFV8e3L9UnG46BKt6W', '0x00000000000000', 0);
INSERT INTO uniqon.nfts (age, middle_classification_id, nft_id, token_id, name, contract_address, feature, nft_tx_hash, nft_url, image, wallet_address, liked_cnt) VALUES (5, 1, 2, 222222, '여우야', '0x11111', '키울까', '32132313123123123', 'http://dfsdf', 'https://img.freepik.com/premium-photo/bengal-fox_829513-12.jpg?w=1380', '0x11111111111111', 0);
INSERT INTO uniqon.nfts (age, middle_classification_id, nft_id, token_id, name, contract_address, feature, nft_tx_hash, nft_url, image, wallet_address, liked_cnt) VALUES (9, 2, 3, 333333, '게코야', '0x22222', '안물어요', 'asdfasdfsadfasd1231', 'http://dfsdf', 'https://mblogthumb-phinf.pstatic.net/MjAyMjA2MjNfMjA2/MDAxNjU1OTU4NTYxMDIz.achk3IWi-S91LzH1nFN3Vn31I1J8vjgtbRO9Pww48uEg.WYoUzX0vMVzt2wYU_HJ6sjAvrts9F3Y3BwWen8CK9Wog.JPEG.ecoanimal/%EC%97%90%EC%BD%94%EB%B8%94%EB%A1%9C%EA%B7%B8%EC%8D%B8%EB%84%A4%EC%9D%BC.jpg?type=w800', '0x22222222222222', 0);
INSERT INTO uniqon.nfts (age, middle_classification_id, nft_id, token_id, name, contract_address, feature, nft_tx_hash, nft_url, image, wallet_address, liked_cnt) VALUES (2, 3, 4, 444444, '거북아', '0x33333', '진짜 느려요', '12312312312312312', 'http://dfsdf', 'https://pbs.twimg.com/media/FfeLasVVIAAH1Wc?format=jpg&name=small', '0x33333333333333', 0);
INSERT INTO uniqon.nfts (age, middle_classification_id, nft_id, token_id, name, contract_address, feature, nft_tx_hash, nft_url, image, wallet_address, liked_cnt) VALUES (15, 4, 5, 555555, '무새야', '0x44444', '말 잘해요', 'sdfasdfasdfsadfsadf', 'http://dfsdf', 'https://img1.daumcdn.net/thumb/R1280x0/?scode=mtistory2&fname=https%3A%2F%2Fblog.kakaocdn.net%2Fdn%2Fbj2a16%2Fbtq0mxwF8WY%2FCRUKt8idvrNiSzI7q5mp0k%2Fimg.jpg', '0x33333333333333', 0);
INSERT INTO uniqon.nfts (age, middle_classification_id, nft_id, token_id, name, contract_address, feature, nft_tx_hash, nft_url, image, wallet_address, liked_cnt) VALUES (15, 5, 6, 666666, '고기야', '0x55555', '하얘요', 'sdfasdfasdfsadfsadf', 'http://dfsdf', 'http://www.greenfish.co.kr/shopimages/kjoo33/0110010002082.jpg?1616490732', '0x44444444444444', 0);
INSERT INTO uniqon.nfts (age, middle_classification_id, nft_id, token_id, name, contract_address, feature, nft_tx_hash, nft_url, image, wallet_address, liked_cnt) VALUES (15, 6, 7, 777777, '우리뱀', '0x66666', '보기보다 순해요', 'sdfasdfasdfsadfsadf', 'http://dfsdf', 'https://image.dongascience.com/Photo/2021/02/c7cc7d5fff707b80b9f2f62e5efd4ea1.jpg', '0x55555555555555', 0);
INSERT INTO uniqon.nfts (age, middle_classification_id, nft_id, token_id, name, contract_address, feature, nft_tx_hash, nft_url, image, wallet_address, liked_cnt) VALUES (15, 7, 8, 888888, '레온아', '0x77777', '은근 귀여워요', 'sdfasdfasdfsadfsadf', 'http://dfsdf', 'https://mblogthumb-phinf.pstatic.net/MjAxOTA1MjBfMjA0/MDAxNTU4MzYyNDkzMTc2.e1hQWfkktS4Snd_x44JGALvox_PzUtzy8TXVE0WpidEg.NkeXm_jFM5rI987A-GYppO5ivoDpc_SfdZcv-y-oPYUg.JPEG.fallsun1/2019-02-162016-55-31_shop1_165644.jpg?type=w800', '0x55555555555555', 0);

-- POST 더미
INSERT INTO uniqon.posts (nft_id, post_id, price, state, create_datetime, sale_completed_datetime, update_datetime, title, content, buyer, seller) VALUES (1, 1, 100, 0, '2023-09-23 16:50:56', null, null, '귀여운 여우', '여우 너무 귀엽조', null, '0x11111111111111');
INSERT INTO uniqon.posts (nft_id, post_id, price, state, create_datetime, sale_completed_datetime, update_datetime, title, content, buyer, seller) VALUES (2, 2, 200, 0, '2023-09-24 16:50:56', null, null, '귀여운 게코~', '게코 너무 귀엽조', null, '0x22222222222222');
INSERT INTO uniqon.posts (nft_id, post_id, price, state, create_datetime, sale_completed_datetime, update_datetime, title, content, buyer, seller) VALUES (3, 3, 500, 0, '2023-09-25 16:50:56', null, null, '귀여운 거북~', '거북 너무 귀엽조', null, '0x22222222222222');
INSERT INTO uniqon.posts (nft_id, post_id, price, state, create_datetime, sale_completed_datetime, update_datetime, title, content, buyer, seller) VALUES (4, 4, 235, 0, '2023-09-26 16:50:56', null, null, '귀여운 무새~', '무새 너무 귀엽조', null, '0x33333333333333');
INSERT INTO uniqon.posts (nft_id, post_id, price, state, create_datetime, sale_completed_datetime, update_datetime, title, content, buyer, seller) VALUES (5, 5, 1351, 0, '2023-09-20 16:50:56', null, null, '귀여운 고기~', '고기 너무 귀엽조', null, '0x33333333333333');
INSERT INTO uniqon.posts (nft_id, post_id, price, state, create_datetime, sale_completed_datetime, update_datetime, title, content, buyer, seller) VALUES (6, 6, 135, 0, '2023-09-19 16:50:56', null, null, '귀여운 뱀~', '뱀 너무 귀엽조', null, '0x44444444444444');
INSERT INTO uniqon.posts (nft_id, post_id, price, state, create_datetime, sale_completed_datetime, update_datetime, title, content, buyer, seller) VALUES (7, 7, 50, 0, '2023-09-18 16:50:56', null, null, '귀여운 레온~', '레온 너무 귀엽조', null, '0x55555555555555');
INSERT INTO uniqon.posts (nft_id, post_id, price, state, create_datetime, sale_completed_datetime, update_datetime, title, content, buyer, seller) VALUES (8, 8, 135, 0, '2023-09-17 16:50:56', null, null, '귀여운 멍뭉~', '멍뭉 너무 귀엽조', null, '0x00000000000000');
-- 구매자 있는 경우
-- INSERT INTO uniqon.posts (nft_id, post_id, price, state, create_datetime, sale_completed_datetime, update_datetime, title, content, buyer, seller) VALUES (1, 1, 100, 0, '2023-09-23 16:50:56', null, null, '귀여운 여우', '여우 너무 귀엽조', '0x00000000000000', '0x11111111111111');
-- INSERT INTO uniqon.posts (nft_id, post_id, price, state, create_datetime, sale_completed_datetime, update_datetime, title, content, buyer, seller) VALUES (2, 2, 200, 0, '2023-09-24 16:50:56', null, null, '귀여운 게코~', '게코 너무 귀엽조', '0x33333333333333', '0x22222222222222');
-- INSERT INTO uniqon.posts (nft_id, post_id, price, state, create_datetime, sale_completed_datetime, update_datetime, title, content, buyer, seller) VALUES (3, 3, 500, 0, '2023-09-25 16:50:56', null, null, '귀여운 거북~', '거북 너무 귀엽조', '0x44444444444444', '0x22222222222222');
-- INSERT INTO uniqon.posts (nft_id, post_id, price, state, create_datetime, sale_completed_datetime, update_datetime, title, content, buyer, seller) VALUES (4, 4, 235, 0, '2023-09-26 16:50:56', null, null, '귀여운 무새~', '무새 너무 귀엽조', '0x11111111111111', '0x33333333333333');
-- INSERT INTO uniqon.posts (nft_id, post_id, price, state, create_datetime, sale_completed_datetime, update_datetime, title, content, buyer, seller) VALUES (5, 5, 1351, 0, '2023-09-20 16:50:56', null, null, '귀여운 고기~', '고기 너무 귀엽조', '0x00000000000000', '0x33333333333333');
-- INSERT INTO uniqon.posts (nft_id, post_id, price, state, create_datetime, sale_completed_datetime, update_datetime, title, content, buyer, seller) VALUES (6, 6, 135, 0, '2023-09-19 16:50:56', null, null, '귀여운 뱀~', '뱀 너무 귀엽조', '0x55555555555555', '0x44444444444444');
-- INSERT INTO uniqon.posts (nft_id, post_id, price, state, create_datetime, sale_completed_datetime, update_datetime, title, content, buyer, seller) VALUES (7, 7, 50, 0, '2023-09-18 16:50:56', null, null, '귀여운 레온~', '레온 너무 귀엽조', '0x22222222222222', '0x55555555555555');
-- INSERT INTO uniqon.posts (nft_id, post_id, price, state, create_datetime, sale_completed_datetime, update_datetime, title, content, buyer, seller) VALUES (8, 8, 135, 0, '2023-09-17 16:50:56', null, null, '귀여운 멍뭉~', '멍뭉 너무 귀엽조', '0x44444444444444', '0x00000000000000');

-- Wishlist 더미
INSERT INTO uniqon.wish_list (post_id, wishlist_id, member_id) VALUES (1, 1, '0x00000000000000');
INSERT INTO uniqon.wish_list (post_id, wishlist_id, member_id) VALUES (2, 2, '0x00000000000000');
INSERT INTO uniqon.wish_list (post_id, wishlist_id, member_id) VALUES (3, 3, '0x00000000000000');
