-- Member 더미데이터
INSERT INTO uniqon.members (wallet_address, birth, gender, modify_date_time, name, nickname, profile_image, register_date_time, vp_token,role) VALUES ('0x00000000000000', '1998.04.30', '남', null, '진병욱', '짜릿병욱', 'https://kkini.s3.ap-northeast-2.amazonaws.com/uniqon/%EB%B3%91%EC%9A%B1.png', null, 'eyJhbGciOiJFUzI1NkstUiIsInR5cCI6IkpXVCJ9.eyJ2YyI6eyJAY29udGV4dCI6WyJodHRwczovL3d3dy53My5vcmcvMjAxOC9jcmVkZW50aWFscy92MSJdLCJ0eXBlIjpbIlZlcmlmaWFibGVDcmVkZW50aWFsIl0sImNyZWRlbnRpYWxTdWJqZWN0Ijp7ImRlZ3JlZSI6eyJ0eXBlIjoiSUQiLCJuYW1lIjoi7KeE67OR7JqxIiwibnVtYmVyIjoiOTgwNDMwIiwiYWRkcmVzcyI6Iuq0keyjvOq0keyXreyLnCDqtJHsgrDqtawifX19LCJzdWIiOiJkaWQ6ZXRocjpzZXBvbGlhOjB4MmNjM2NEMTk4YWU0OTUzMmUyOGREQmFlRjNGNkFkMjliOTc1ZDhEQyIsIm5iZiI6MTU2Mjk1MDI4MiwiaXNzIjoiZGlkOmV0aHI6c2Vwb2xpYToweEYyYTc0MjM0NzVDNjI0MDMyMTczMkVkNWY5ZTI5ZDk0ZEFCNjAzQTkifQ.9h8jrYVncb2YwG74R2GSQAASCTmnBIFFqmmo7PfjUV1ltUFDa67WJVZv_Z-ZVUn8kaa3n8hezcSDejYgFXJ7KgE',0);
INSERT INTO uniqon.members (wallet_address, birth, gender, modify_date_time, name, nickname, profile_image, register_date_time, vp_token,role) VALUES ('0x11111111111111', '1964.12.22', '남', null, '이재명', '도재명', 'https://i.namu.wiki/i/sA2mPQ01TG5qnfyfFippBGD-MFiGGvv8rbt6fPU2fkb45tWTcfleSZvFoqQWTzHLRVs6j61t01pPHiigVgoEDGcii8yz3p4XSZslTOZ4BJiShcxjqkUlcONVw-2wHk5nCD514b9PGH90x19wofODRg.webp', null, 'eyJhbGciOiJFUzI1NkstUiIsInR5cCI6IkpXVCJ9.eyJ2YyI6eyJAY29udGV4dCI6WyJodHRwczovL3d3dy53My5vcmcvMjAxOC9jcmVkZW50aWFscy92MSJdLCJ0eXBlIjpbIlZlcmlmaWFibGVDcmVkZW50aWFsIl0sImNyZWRlbnRpYWxTdWJqZWN0Ijp7ImRlZ3JlZSI6eyJ0eXBlIjoiSUQiLCJuYW1lIjoi7KeE67OR7JqxIiwibnVtYmVyIjoiOTgwNDMwIiwiYWRkcmVzcyI6Iuq0keyjvOq0keyXreyLnCDqtJHsgrDqtawifX19LCJzdWIiOiJkaWQ6ZXRocjpzZXBvbGlhOjB4MmNjM2NEMTk4YWU0OTUzMmUyOGREQmFlRjNGNkFkMjliOTc1ZDhEQyIsIm5iZiI6MTU2Mjk1MDI4MiwiaXNzIjoiZGlkOmV0aHI6c2Vwb2xpYToweEYyYTc0MjM0NzVDNjI0MDMyMTczMkVkNWY5ZTI5ZDk0ZEFCNjAzQTkifQ.9h8jrYVncb2YwG74R2GSQAASCTmnBIFFqmmo7PfjUV1ltUFDa67WJVZv_Z-ZVUn8kaa3n8hezcSDejYgFXJ7KgE',0);
INSERT INTO uniqon.members (wallet_address, birth, gender, modify_date_time, name, nickname, profile_image, register_date_time, vp_token,role) VALUES ('0x22222222222222', '1964.12.22', '남', null, '김한결', '섹시한결', 'https://kkini.s3.ap-northeast-2.amazonaws.com/uniqon/%ED%95%9C%EA%B2%B0.png', null, 'eyJhbGciOiJFUzI1NkstUiIsInR5cCI6IkpXVCJ9.eyJ2YyI6eyJAY29udGV4dCI6WyJodHRwczovL3d3dy53My5vcmcvMjAxOC9jcmVkZW50aWFscy92MSJdLCJ0eXBlIjpbIlZlcmlmaWFibGVDcmVkZW50aWFsIl0sImNyZWRlbnRpYWxTdWJqZWN0Ijp7ImRlZ3JlZSI6eyJ0eXBlIjoiSUQiLCJuYW1lIjoi7KeE67OR7JqxIiwibnVtYmVyIjoiOTgwNDMwIiwiYWRkcmVzcyI6Iuq0keyjvOq0keyXreyLnCDqtJHsgrDqtawifX19LCJzdWIiOiJkaWQ6ZXRocjpzZXBvbGlhOjB4MmNjM2NEMTk4YWU0OTUzMmUyOGREQmFlRjNGNkFkMjliOTc1ZDhEQyIsIm5iZiI6MTU2Mjk1MDI4MiwiaXNzIjoiZGlkOmV0aHI6c2Vwb2xpYToweEYyYTc0MjM0NzVDNjI0MDMyMTczMkVkNWY5ZTI5ZDk0ZEFCNjAzQTkifQ.9h8jrYVncb2YwG74R2GSQAASCTmnBIFFqmmo7PfjUV1ltUFDa67WJVZv_Z-ZVUn8kaa3n8hezcSDejYgFXJ7KgE',0);
INSERT INTO uniqon.members (wallet_address, birth, gender, modify_date_time, name, nickname, profile_image, register_date_time, vp_token,role) VALUES ('0x33333333333333', '1964.12.22', '여', null, '방상제', '빵상제', 'https://kkini.s3.ap-northeast-2.amazonaws.com/uniqon/%EC%83%81%EC%A0%9C.png', null, 'eyJhbGciOiJFUzI1NkstUiIsInR5cCI6IkpXVCJ9.eyJ2YyI6eyJAY29udGV4dCI6WyJodHRwczovL3d3dy53My5vcmcvMjAxOC9jcmVkZW50aWFscy92MSJdLCJ0eXBlIjpbIlZlcmlmaWFibGVDcmVkZW50aWFsIl0sImNyZWRlbnRpYWxTdWJqZWN0Ijp7ImRlZ3JlZSI6eyJ0eXBlIjoiSUQiLCJuYW1lIjoi7KeE67OR7JqxIiwibnVtYmVyIjoiOTgwNDMwIiwiYWRkcmVzcyI6Iuq0keyjvOq0keyXreyLnCDqtJHsgrDqtawifX19LCJzdWIiOiJkaWQ6ZXRocjpzZXBvbGlhOjB4MmNjM2NEMTk4YWU0OTUzMmUyOGREQmFlRjNGNkFkMjliOTc1ZDhEQyIsIm5iZiI6MTU2Mjk1MDI4MiwiaXNzIjoiZGlkOmV0aHI6c2Vwb2xpYToweEYyYTc0MjM0NzVDNjI0MDMyMTczMkVkNWY5ZTI5ZDk0ZEFCNjAzQTkifQ.9h8jrYVncb2YwG74R2GSQAASCTmnBIFFqmmo7PfjUV1ltUFDa67WJVZv_Z-ZVUn8kaa3n8hezcSDejYgFXJ7KgE',0);
INSERT INTO uniqon.members (wallet_address, birth, gender, modify_date_time, name, nickname, profile_image, register_date_time, vp_token,role) VALUES ('0x44444444444444', '1964.12.22', '여', null, '최지수', '큐트지수', 'https://kkini.s3.ap-northeast-2.amazonaws.com/uniqon/%EC%A7%80%EC%88%98.png', null, 'eyJhbGciOiJFUzI1NkstUiIsInR5cCI6IkpXVCJ9.eyJ2YyI6eyJAY29udGV4dCI6WyJodHRwczovL3d3dy53My5vcmcvMjAxOC9jcmVkZW50aWFscy92MSJdLCJ0eXBlIjpbIlZlcmlmaWFibGVDcmVkZW50aWFsIl0sImNyZWRlbnRpYWxTdWJqZWN0Ijp7ImRlZ3JlZSI6eyJ0eXBlIjoiSUQiLCJuYW1lIjoi7KeE67OR7JqxIiwibnVtYmVyIjoiOTgwNDMwIiwiYWRkcmVzcyI6Iuq0keyjvOq0keyXreyLnCDqtJHsgrDqtawifX19LCJzdWIiOiJkaWQ6ZXRocjpzZXBvbGlhOjB4MmNjM2NEMTk4YWU0OTUzMmUyOGREQmFlRjNGNkFkMjliOTc1ZDhEQyIsIm5iZiI6MTU2Mjk1MDI4MiwiaXNzIjoiZGlkOmV0aHI6c2Vwb2xpYToweEYyYTc0MjM0NzVDNjI0MDMyMTczMkVkNWY5ZTI5ZDk0ZEFCNjAzQTkifQ.9h8jrYVncb2YwG74R2GSQAASCTmnBIFFqmmo7PfjUV1ltUFDa67WJVZv_Z-ZVUn8kaa3n8hezcSDejYgFXJ7KgE',0);
INSERT INTO uniqon.members (wallet_address, birth, gender, modify_date_time, name, nickname, profile_image, register_date_time, vp_token,role) VALUES ('0x55555555555555', '1964.12.22', '여', null, '서지현', '체리지현', 'https://kkini.s3.ap-northeast-2.amazonaws.com/uniqon/%EC%A7%80%ED%98%84.png', null, 'eyJhbGciOiJFUzI1NkstUiIsInR5cCI6IkpXVCJ9.eyJ2YyI6eyJAY29udGV4dCI6WyJodHRwczovL3d3dy53My5vcmcvMjAxOC9jcmVkZW50aWFscy92MSJdLCJ0eXBlIjpbIlZlcmlmaWFibGVDcmVkZW50aWFsIl0sImNyZWRlbnRpYWxTdWJqZWN0Ijp7ImRlZ3JlZSI6eyJ0eXBlIjoiSUQiLCJuYW1lIjoi7KeE67OR7JqxIiwibnVtYmVyIjoiOTgwNDMwIiwiYWRkcmVzcyI6Iuq0keyjvOq0keyXreyLnCDqtJHsgrDqtawifX19LCJzdWIiOiJkaWQ6ZXRocjpzZXBvbGlhOjB4MmNjM2NEMTk4YWU0OTUzMmUyOGREQmFlRjNGNkFkMjliOTc1ZDhEQyIsIm5iZiI6MTU2Mjk1MDI4MiwiaXNzIjoiZGlkOmV0aHI6c2Vwb2xpYToweEYyYTc0MjM0NzVDNjI0MDMyMTczMkVkNWY5ZTI5ZDk0ZEFCNjAzQTkifQ.9h8jrYVncb2YwG74R2GSQAASCTmnBIFFqmmo7PfjUV1ltUFDa67WJVZv_Z-ZVUn8kaa3n8hezcSDejYgFXJ7KgE',0);
INSERT INTO uniqon.members (role, modify_date_time, register_date_time, gender, vp_token, birth, name, nickname, password, wallet_address, profile_image) VALUES (0, '2023-10-03 19:04:17.216018', '2023-10-03 19:04:17.216018', '남성', 'eyJhbGciOiJFUzI1NkstUiIsInR5cCI6IkpXVCJ9.eyJ2cCI6eyJAY29udGV4dCI6WyJodHRwczovL3d3dy53My5vcmcvMjAxOC9jcmVkZW50aWFscy92MSJdLCJ0eXBlIjpbIlZlcmlmaWFibGVQcmVzZW50YXRpb24iXSwidmVyaWZpYWJsZUNyZWRlbnRpYWwiOlsiZXlKaGJHY2lPaUpGVXpJMU5rc3RVaUlzSW5SNWNDSTZJa3BYVkNKOS5leUoyWXlJNmV5SkFZMjl1ZEdWNGRDSTZXeUpvZEhSd2N6b3ZMM2QzZHk1M015NXZjbWN2TWpBeE9DOWpjbVZrWlc1MGFXRnNjeTkyTVNKZExDSjBlWEJsSWpwYklsWmxjbWxtYVdGaWJHVkRjbVZrWlc1MGFXRnNJbDBzSW1OeVpXUmxiblJwWVd4VGRXSnFaV04wSWpwN0ltUmhkR0VpT25zaWFXUk9ZVzFsSWpvaTdLTzg2Ni04NjVPeDY2R2Q3S2FkSWl3aWJtRnRaU0k2SXUyWmplcTR1T3VQbVNJc0luQnBiaUk2SWpVd01URXhNUzB4TWpJek5EVTJOaUlzSW1kbGJtUmxjaUk2SXV1Q3FPeUVzU0lzSW1KcGNuUm9Jam9pTVRrMU1DNHhNUzR4TVNKOWZYMHNJbk4xWWlJNkltUnBaRHBsZEdoeU9uTmxjRzlzYVdFNk1IaG1RbVF6TmpFMU1EZzNNelkxTURObU5XUkNaRFpFUVRaaE5EZzFZMEV5UmpBMFFqRXpNVEUxSWl3aWJtSm1Jam94TlRZeU9UVXdNamd5TENKcGMzTWlPaUprYVdRNlpYUm9janB6WlhCdmJHbGhPakI0UVRreVFXVTJOamsyTkRnMk0wRXdORUV4TkRNeU1ERkJSa0pqT0RJMVlUVTVNRGMwTUVJeU5DSjkuenl5U0NQV1NYdEdWdzBReDRqd2xsMldzMUpyWWJsTTRmbjBsZ2dXWk1Qc0NtMUVFNkxyQ0lheERyYkYwVlJuLWFoQWlvY0ZGUlBxd2xXd0liaENIeVFFIl19LCJpc3MiOiJkaWQ6ZXRocjpzZXBvbGlhOjB4QTkyQWU2Njk2NDg2M0EwNEExNDMyMDFBRkJjODI1YTU5MDc0MEIyNCJ9.hUMFnKx7spkws4bTV0J4xhtog507qvihwloSEcIZKRB27SxhvHVCpbKAOLsOSKauJ-eSG26BPCi_0dw2UPUpAwE', '1950.11.11', '진병욱', '병욱', '$2a$10$mvaXz3bkcjuhYHXgYHM02Ove7YpwWnEdsVhYru3iX/hniVT0EBKyu', '0xfBd361508736503f5dBd6DA6a485cA2F04B13115', '0x');
INSERT INTO uniqon.members (role, modify_date_time, register_date_time, gender, vp_token, birth, name, nickname, password, wallet_address, profile_image) VALUES (0, '2023-10-03 19:04:17.216018', '2023-10-03 19:04:17.216018', '남성', 'eyJhbGciOiJFUzI1NkstUiIsInR5cCI6IkpXVCJ9.eyJ2cCI6eyJAY29udGV4dCI6WyJodHRwczovL3d3dy53My5vcmcvMjAxOC9jcmVkZW50aWFscy92MSJdLCJ0eXBlIjpbIlZlcmlmaWFibGVQcmVzZW50YXRpb24iXSwidmVyaWZpYWJsZUNyZWRlbnRpYWwiOlsiZXlKaGJHY2lPaUpGVXpJMU5rc3RVaUlzSW5SNWNDSTZJa3BYVkNKOS5leUoyWXlJNmV5SkFZMjl1ZEdWNGRDSTZXeUpvZEhSd2N6b3ZMM2QzZHk1M015NXZjbWN2TWpBeE9DOWpjbVZrWlc1MGFXRnNjeTkyTVNKZExDSjBlWEJsSWpwYklsWmxjbWxtYVdGaWJHVkRjbVZrWlc1MGFXRnNJbDBzSW1OeVpXUmxiblJwWVd4VGRXSnFaV04wSWpwN0ltUmhkR0VpT25zaWFXUk9ZVzFsSWpvaTdLTzg2Ni04NjVPeDY2R2Q3S2FkSWl3aWJtRnRaU0k2SXUyWmplcTR1T3VQbVNJc0luQnBiaUk2SWpVd01URXhNUzB4TWpJek5EVTJOaUlzSW1kbGJtUmxjaUk2SXV1Q3FPeUVzU0lzSW1KcGNuUm9Jam9pTVRrMU1DNHhNUzR4TVNKOWZYMHNJbk4xWWlJNkltUnBaRHBsZEdoeU9uTmxjRzlzYVdFNk1IaG1RbVF6TmpFMU1EZzNNelkxTURObU5XUkNaRFpFUVRaaE5EZzFZMEV5UmpBMFFqRXpNVEUxSWl3aWJtSm1Jam94TlRZeU9UVXdNamd5TENKcGMzTWlPaUprYVdRNlpYUm9janB6WlhCdmJHbGhPakI0UVRreVFXVTJOamsyTkRnMk0wRXdORUV4TkRNeU1ERkJSa0pqT0RJMVlUVTVNRGMwTUVJeU5DSjkuenl5U0NQV1NYdEdWdzBReDRqd2xsMldzMUpyWWJsTTRmbjBsZ2dXWk1Qc0NtMUVFNkxyQ0lheERyYkYwVlJuLWFoQWlvY0ZGUlBxd2xXd0liaENIeVFFIl19LCJpc3MiOiJkaWQ6ZXRocjpzZXBvbGlhOjB4QTkyQWU2Njk2NDg2M0EwNEExNDMyMDFBRkJjODI1YTU5MDc0MEIyNCJ9.hUMFnKx7spkws4bTV0J4xhtog507qvihwloSEcIZKRB27SxhvHVCpbKAOLsOSKauJ-eSG26BPCi_0dw2UPUpAwE', '1950.11.11', '방상제', '상제', '$2a$10$cCSt6s85XxiPo1kaMy3.gOV.Ml9Xnv8HTeUnB4mERH.6uySUfIRYS', '0xd83e613d8B4a2Cb4fAFA04F1ee87C8e6900b81A4', '0x');
INSERT INTO uniqon.members (role, modify_date_time, register_date_time, gender, vp_token, birth, name, nickname, password, wallet_address, profile_image) VALUES (0, '2023-10-03 19:04:17.216018', '2023-10-03 19:04:17.216018', '남성', 'eyJhbGciOiJFUzI1NkstUiIsInR5cCI6IkpXVCJ9.eyJ2cCI6eyJAY29udGV4dCI6WyJodHRwczovL3d3dy53My5vcmcvMjAxOC9jcmVkZW50aWFscy92MSJdLCJ0eXBlIjpbIlZlcmlmaWFibGVQcmVzZW50YXRpb24iXSwidmVyaWZpYWJsZUNyZWRlbnRpYWwiOlsiZXlKaGJHY2lPaUpGVXpJMU5rc3RVaUlzSW5SNWNDSTZJa3BYVkNKOS5leUoyWXlJNmV5SkFZMjl1ZEdWNGRDSTZXeUpvZEhSd2N6b3ZMM2QzZHk1M015NXZjbWN2TWpBeE9DOWpjbVZrWlc1MGFXRnNjeTkyTVNKZExDSjBlWEJsSWpwYklsWmxjbWxtYVdGaWJHVkRjbVZrWlc1MGFXRnNJbDBzSW1OeVpXUmxiblJwWVd4VGRXSnFaV04wSWpwN0ltUmhkR0VpT25zaWFXUk9ZVzFsSWpvaTdLTzg2Ni04NjVPeDY2R2Q3S2FkSWl3aWJtRnRaU0k2SXUyWmplcTR1T3VQbVNJc0luQnBiaUk2SWpVd01URXhNUzB4TWpJek5EVTJOaUlzSW1kbGJtUmxjaUk2SXV1Q3FPeUVzU0lzSW1KcGNuUm9Jam9pTVRrMU1DNHhNUzR4TVNKOWZYMHNJbk4xWWlJNkltUnBaRHBsZEdoeU9uTmxjRzlzYVdFNk1IaG1RbVF6TmpFMU1EZzNNelkxTURObU5XUkNaRFpFUVRaaE5EZzFZMEV5UmpBMFFqRXpNVEUxSWl3aWJtSm1Jam94TlRZeU9UVXdNamd5TENKcGMzTWlPaUprYVdRNlpYUm9janB6WlhCdmJHbGhPakI0UVRreVFXVTJOamsyTkRnMk0wRXdORUV4TkRNeU1ERkJSa0pqT0RJMVlUVTVNRGMwTUVJeU5DSjkuenl5U0NQV1NYdEdWdzBReDRqd2xsMldzMUpyWWJsTTRmbjBsZ2dXWk1Qc0NtMUVFNkxyQ0lheERyYkYwVlJuLWFoQWlvY0ZGUlBxd2xXd0liaENIeVFFIl19LCJpc3MiOiJkaWQ6ZXRocjpzZXBvbGlhOjB4QTkyQWU2Njk2NDg2M0EwNEExNDMyMDFBRkJjODI1YTU5MDc0MEIyNCJ9.hUMFnKx7spkws4bTV0J4xhtog507qvihwloSEcIZKRB27SxhvHVCpbKAOLsOSKauJ-eSG26BPCi_0dw2UPUpAwE', '1950.11.11', '김한결', '한결', '$2a$10$Tq/aiLMpCQ3PoiM0iYRbJOCBqrcYv.rGE6FdzXzqmgp9PA47DbbLO', '0x34cC35A31Db3a0D4B9d6414b38FDB297f306BF9F', '0x');
INSERT INTO uniqon.members (role, modify_date_time, register_date_time, gender, vp_token, birth, name, nickname, password, wallet_address, profile_image) VALUES (0, '2023-10-03 19:04:17.216018', '2023-10-03 19:04:17.216018', '남성', 'eyJhbGciOiJFUzI1NkstUiIsInR5cCI6IkpXVCJ9.eyJ2cCI6eyJAY29udGV4dCI6WyJodHRwczovL3d3dy53My5vcmcvMjAxOC9jcmVkZW50aWFscy92MSJdLCJ0eXBlIjpbIlZlcmlmaWFibGVQcmVzZW50YXRpb24iXSwidmVyaWZpYWJsZUNyZWRlbnRpYWwiOlsiZXlKaGJHY2lPaUpGVXpJMU5rc3RVaUlzSW5SNWNDSTZJa3BYVkNKOS5leUoyWXlJNmV5SkFZMjl1ZEdWNGRDSTZXeUpvZEhSd2N6b3ZMM2QzZHk1M015NXZjbWN2TWpBeE9DOWpjbVZrWlc1MGFXRnNjeTkyTVNKZExDSjBlWEJsSWpwYklsWmxjbWxtYVdGaWJHVkRjbVZrWlc1MGFXRnNJbDBzSW1OeVpXUmxiblJwWVd4VGRXSnFaV04wSWpwN0ltUmhkR0VpT25zaWFXUk9ZVzFsSWpvaTdLTzg2Ni04NjVPeDY2R2Q3S2FkSWl3aWJtRnRaU0k2SXUyWmplcTR1T3VQbVNJc0luQnBiaUk2SWpVd01URXhNUzB4TWpJek5EVTJOaUlzSW1kbGJtUmxjaUk2SXV1Q3FPeUVzU0lzSW1KcGNuUm9Jam9pTVRrMU1DNHhNUzR4TVNKOWZYMHNJbk4xWWlJNkltUnBaRHBsZEdoeU9uTmxjRzlzYVdFNk1IaG1RbVF6TmpFMU1EZzNNelkxTURObU5XUkNaRFpFUVRaaE5EZzFZMEV5UmpBMFFqRXpNVEUxSWl3aWJtSm1Jam94TlRZeU9UVXdNamd5TENKcGMzTWlPaUprYVdRNlpYUm9janB6WlhCdmJHbGhPakI0UVRreVFXVTJOamsyTkRnMk0wRXdORUV4TkRNeU1ERkJSa0pqT0RJMVlUVTVNRGMwTUVJeU5DSjkuenl5U0NQV1NYdEdWdzBReDRqd2xsMldzMUpyWWJsTTRmbjBsZ2dXWk1Qc0NtMUVFNkxyQ0lheERyYkYwVlJuLWFoQWlvY0ZGUlBxd2xXd0liaENIeVFFIl19LCJpc3MiOiJkaWQ6ZXRocjpzZXBvbGlhOjB4QTkyQWU2Njk2NDg2M0EwNEExNDMyMDFBRkJjODI1YTU5MDc0MEIyNCJ9.hUMFnKx7spkws4bTV0J4xhtog507qvihwloSEcIZKRB27SxhvHVCpbKAOLsOSKauJ-eSG26BPCi_0dw2UPUpAwE', '1950.11.11', '최지수', '지수', '$2a$10$tLMcJjvRhej/G9NMeQFCkeEjYYtZSA9eYsLdpbBMvLPDtbUJyH1Hi', '0xcf764542E31D9A0DCae80751A472701aA8172E84', '0x');
INSERT INTO uniqon.members (role, modify_date_time, register_date_time, gender, vp_token, birth, name, nickname, password, wallet_address, profile_image) VALUES (0, '2023-10-03 19:04:17.216018', '2023-10-03 19:04:17.216018', '남성', 'eyJhbGciOiJFUzI1NkstUiIsInR5cCI6IkpXVCJ9.eyJ2cCI6eyJAY29udGV4dCI6WyJodHRwczovL3d3dy53My5vcmcvMjAxOC9jcmVkZW50aWFscy92MSJdLCJ0eXBlIjpbIlZlcmlmaWFibGVQcmVzZW50YXRpb24iXSwidmVyaWZpYWJsZUNyZWRlbnRpYWwiOlsiZXlKaGJHY2lPaUpGVXpJMU5rc3RVaUlzSW5SNWNDSTZJa3BYVkNKOS5leUoyWXlJNmV5SkFZMjl1ZEdWNGRDSTZXeUpvZEhSd2N6b3ZMM2QzZHk1M015NXZjbWN2TWpBeE9DOWpjbVZrWlc1MGFXRnNjeTkyTVNKZExDSjBlWEJsSWpwYklsWmxjbWxtYVdGaWJHVkRjbVZrWlc1MGFXRnNJbDBzSW1OeVpXUmxiblJwWVd4VGRXSnFaV04wSWpwN0ltUmhkR0VpT25zaWFXUk9ZVzFsSWpvaTdLTzg2Ni04NjVPeDY2R2Q3S2FkSWl3aWJtRnRaU0k2SXUyWmplcTR1T3VQbVNJc0luQnBiaUk2SWpVd01URXhNUzB4TWpJek5EVTJOaUlzSW1kbGJtUmxjaUk2SXV1Q3FPeUVzU0lzSW1KcGNuUm9Jam9pTVRrMU1DNHhNUzR4TVNKOWZYMHNJbk4xWWlJNkltUnBaRHBsZEdoeU9uTmxjRzlzYVdFNk1IaG1RbVF6TmpFMU1EZzNNelkxTURObU5XUkNaRFpFUVRaaE5EZzFZMEV5UmpBMFFqRXpNVEUxSWl3aWJtSm1Jam94TlRZeU9UVXdNamd5TENKcGMzTWlPaUprYVdRNlpYUm9janB6WlhCdmJHbGhPakI0UVRreVFXVTJOamsyTkRnMk0wRXdORUV4TkRNeU1ERkJSa0pqT0RJMVlUVTVNRGMwTUVJeU5DSjkuenl5U0NQV1NYdEdWdzBReDRqd2xsMldzMUpyWWJsTTRmbjBsZ2dXWk1Qc0NtMUVFNkxyQ0lheERyYkYwVlJuLWFoQWlvY0ZGUlBxd2xXd0liaENIeVFFIl19LCJpc3MiOiJkaWQ6ZXRocjpzZXBvbGlhOjB4QTkyQWU2Njk2NDg2M0EwNEExNDMyMDFBRkJjODI1YTU5MDc0MEIyNCJ9.hUMFnKx7spkws4bTV0J4xhtog507qvihwloSEcIZKRB27SxhvHVCpbKAOLsOSKauJ-eSG26BPCi_0dw2UPUpAwE', '1950.11.11', '이재명', '재명', '$2a$10$hHSLgNQH1Sb1wvr1Yn9zBu22m2KtBPEFU4xgTfoGOAkqfIziHBhvy', '0x65dFd0bBbbb7cc5f155B5f1e74A7ef34f5CFc621', '0x');
INSERT INTO uniqon.members (role, modify_date_time, register_date_time, gender, vp_token, birth, name, nickname, password, wallet_address, profile_image) VALUES (0, '2023-10-03 19:04:17.216018', '2023-10-03 19:04:17.216018', '남성', 'eyJhbGciOiJFUzI1NkstUiIsInR5cCI6IkpXVCJ9.eyJ2cCI6eyJAY29udGV4dCI6WyJodHRwczovL3d3dy53My5vcmcvMjAxOC9jcmVkZW50aWFscy92MSJdLCJ0eXBlIjpbIlZlcmlmaWFibGVQcmVzZW50YXRpb24iXSwidmVyaWZpYWJsZUNyZWRlbnRpYWwiOlsiZXlKaGJHY2lPaUpGVXpJMU5rc3RVaUlzSW5SNWNDSTZJa3BYVkNKOS5leUoyWXlJNmV5SkFZMjl1ZEdWNGRDSTZXeUpvZEhSd2N6b3ZMM2QzZHk1M015NXZjbWN2TWpBeE9DOWpjbVZrWlc1MGFXRnNjeTkyTVNKZExDSjBlWEJsSWpwYklsWmxjbWxtYVdGaWJHVkRjbVZrWlc1MGFXRnNJbDBzSW1OeVpXUmxiblJwWVd4VGRXSnFaV04wSWpwN0ltUmhkR0VpT25zaWFXUk9ZVzFsSWpvaTdLTzg2Ni04NjVPeDY2R2Q3S2FkSWl3aWJtRnRaU0k2SXUyWmplcTR1T3VQbVNJc0luQnBiaUk2SWpVd01URXhNUzB4TWpJek5EVTJOaUlzSW1kbGJtUmxjaUk2SXV1Q3FPeUVzU0lzSW1KcGNuUm9Jam9pTVRrMU1DNHhNUzR4TVNKOWZYMHNJbk4xWWlJNkltUnBaRHBsZEdoeU9uTmxjRzlzYVdFNk1IaG1RbVF6TmpFMU1EZzNNelkxTURObU5XUkNaRFpFUVRaaE5EZzFZMEV5UmpBMFFqRXpNVEUxSWl3aWJtSm1Jam94TlRZeU9UVXdNamd5TENKcGMzTWlPaUprYVdRNlpYUm9janB6WlhCdmJHbGhPakI0UVRreVFXVTJOamsyTkRnMk0wRXdORUV4TkRNeU1ERkJSa0pqT0RJMVlUVTVNRGMwTUVJeU5DSjkuenl5U0NQV1NYdEdWdzBReDRqd2xsMldzMUpyWWJsTTRmbjBsZ2dXWk1Qc0NtMUVFNkxyQ0lheERyYkYwVlJuLWFoQWlvY0ZGUlBxd2xXd0liaENIeVFFIl19LCJpc3MiOiJkaWQ6ZXRocjpzZXBvbGlhOjB4QTkyQWU2Njk2NDg2M0EwNEExNDMyMDFBRkJjODI1YTU5MDc0MEIyNCJ9.hUMFnKx7spkws4bTV0J4xhtog507qvihwloSEcIZKRB27SxhvHVCpbKAOLsOSKauJ-eSG26BPCi_0dw2UPUpAwE', '1950.11.11', '서지현', '지현', '$2a$10$ZFN0GxN50npL0gvrglbrROdv8y9iMZ6RZV3dJkuXQoXgwCXSyb9VW', '0xA92Ae66964863A04A143201AFBc825a590740B24', '0x');


-- 대분류 더미
INSERT INTO uniqon.main_classifications (main_classification_id, type, image) VALUES (1, '여우', 'https://media.istockphoto.com/id/689213498/ko/%EB%B2%A1%ED%84%B0/%EB%A0%88%EB%93%9C-%ED%8F%AD%EC%8A%A4%EB%8A%94-%EB%8F%99%EA%B5%B4%EC%97%90-%EB%B2%A1%ED%84%B0-%EC%9D%BC%EB%9F%AC%EC%8A%A4%ED%8A%B8.jpg?s=2048x2048&w=is&k=20&c=YwbvfBh0F3a3xqk2KuOmD_EAhVM8I90KYbshvrVpCgs=');
INSERT INTO uniqon.main_classifications (main_classification_id, type, image) VALUES (2, '도마뱀', 'https://media.istockphoto.com/id/862153016/ko/%EB%B2%A1%ED%84%B0/%EC%B9%9C%EC%A0%88-%ED%95%9C-%ED%94%8C%EB%9E%AB-%EC%8A%A4%ED%83%80%EC%9D%BC%EC%97%90%EC%9D%B4-%EA%B5%AC-%EC%95%84%EB%82%98%EB%A5%BC-%EA%B7%B8%EB%A6%B0-%EB%B2%A1%ED%84%B0.jpg?s=2048x2048&w=is&k=20&c=l0mfZUZPEVn2njROgV5SP-EY9Tms47b5V9PGOIYjfAg=');
INSERT INTO uniqon.main_classifications (main_classification_id, type, image) VALUES (3, '거북', 'https://media.istockphoto.com/id/1131586106/ko/%EB%B2%A1%ED%84%B0/%EB%A7%8C%ED%99%94-%EB%B0%94%EB%8B%A4-%EA%B1%B0%EB%B6%81.jpg?s=2048x2048&w=is&k=20&c=olIewxabu5DIOREHGMXFKpWfSE08y4W67vUTHqrY3gw=');
INSERT INTO uniqon.main_classifications (main_classification_id, type, image) VALUES (4, '앵무새', 'https://media.istockphoto.com/id/1253293179/ko/%EB%B2%A1%ED%84%B0/%EC%97%AC%EB%9F%AC-%EA%B0%80%EC%A7%80-%EC%83%89%EC%83%81%EC%9D%98-%EC%95%B5%EB%AC%B4%EC%83%88%EA%B0%80-%ED%9D%B0%EC%83%89%EC%97%90-%EC%84%9C-%EC%9E%88%EB%8B%A4-%EC%9D%B4%EA%B5%AD%EC%A0%81%EC%9D%B8-%EC%83%88.jpg?s=2048x2048&w=is&k=20&c=ju7eoN87ySGCBPUdop_Srsub8kbRsaO-0rivHd6YZj8=');
INSERT INTO uniqon.main_classifications (main_classification_id, type, image) VALUES (5, '물고기', 'https://media.istockphoto.com/id/1045561036/ko/%EB%B2%A1%ED%84%B0/%EA%B7%80%EC%97%AC%EC%9A%B4-%EB%AC%BC%EA%B3%A0%EA%B8%B0-%EC%BA%90%EB%A6%AD%ED%84%B0%EC%9E%85%EB%8B%88%EB%8B%A4-%EB%A7%8C%ED%99%94-%EB%B2%A1%ED%84%B0-%EC%9D%BC%EB%9F%AC%EC%8A%A4%ED%8A%B8-%EB%A0%88%EC%9D%B4-%EC%85%98.jpg?s=2048x2048&w=is&k=20&c=88Zt8GUyXj9RgFqCIn3JX-lxGBhaZnkIx2DHYBk47OE=');
INSERT INTO uniqon.main_classifications (main_classification_id, type, image) VALUES (6, '뱀', 'https://media.istockphoto.com/id/1318324718/ko/%EB%B2%A1%ED%84%B0/%EB%85%B9%EC%83%89-%EC%9E%AC%EB%AF%B8-%EB%B1%80%EC%9D%80-%EA%B3%B5%EC%97%90-%EC%9B%85%ED%81%AC%EB%A6%AC%EA%B3%A0-%ED%8F%89%ED%8F%89%ED%95%9C-%EB%B2%A1%ED%84%B0-%EC%9D%BC%EB%9F%AC%EC%8A%A4%ED%8A%B8-%EA%B3%A0%EB%A6%BD.jpg?s=2048x2048&w=is&k=20&c=CTNsyGZnPNvZN-dl5iYW2yazr49o2cpQZDvkcooMir0=');
INSERT INTO uniqon.main_classifications (main_classification_id, type, image) VALUES (7, '카멜레온', 'https://media.istockphoto.com/id/1340051630/ko/%EB%B2%A1%ED%84%B0/%ED%9D%B0%EC%83%89-%EB%B0%B0%EA%B2%BD%EC%97%90-%EA%B2%A9%EB%A6%AC-%EB%90%9C-%EB%B2%A1%ED%84%B0-%EC%B9%B4%EB%A9%9C%EB%A0%88%EC%98%A8-%EB%8F%84%EB%A7%88%EB%B1%80.jpg?s=2048x2048&w=is&k=20&c=_NQ9ahKEAYsw3uH6a3W4_W7KzxG0PBDMDKJlPbQL2iY=');
INSERT INTO uniqon.main_classifications (main_classification_id, type, image) VALUES (8, '그 외', 'https://media.istockphoto.com/id/941014394/ko/%EB%B2%A1%ED%84%B0/%EC%95%BC%EC%83%9D-%EB%8F%99%EB%AC%BC-%ED%92%8D%EA%B2%BD.jpg?s=2048x2048&w=is&k=20&c=NgryEBa9pW6t408KG7LsvXTCR5r66VrIHcKvOsCwZow=');

-- 중분류 더미
INSERT INTO uniqon.middle_classifications (main_classification_id, middle_classification_id, species, feature, image) VALUES (1, 1, '벵골 여우', '벵골 여우는 주둥이가 길게 늘어져 있고, 귀가 길고, 머리와 몸길이의 약 50~60%에 달하는 부푼 꼬리를 가진 비교적 작은 여우이다. 등부분의 털 색깔은 매우 다양하지만, 대부분 회색빛이고 흐릿한 색깔이다.', 'https://kkini.s3.ap-northeast-2.amazonaws.com/uniqon/AI%EC%82%AC%EC%A7%84/%EB%B2%B5%EA%B3%A8%EC%97%AC%EC%9A%B0AI2.png');
INSERT INTO uniqon.middle_classifications (main_classification_id, middle_classification_id, species, feature, image) VALUES (1, 2, '아프간 여우', '아프간여우는 부드러운 회갈색의 털을 가지고 있으며 배는 하얗다. 등에는 검은 줄무늬가 있으며 때때로 뒷다리가 검다. 머리는 커다란 귀와 가늘고 짧은 주둥이로 특징지어진다. 꼬리는 몸통과 비슷한 길이이며 북슬북슬하고 그 끝은 검다.', 'https://kkini.s3.ap-northeast-2.amazonaws.com/uniqon/AI%EC%82%AC%EC%A7%84/%EC%95%84%ED%94%84%EA%B0%84%EC%97%AC%EC%9A%B0AI.png');
INSERT INTO uniqon.middle_classifications (main_classification_id, middle_classification_id, species, feature, image) VALUES (1, 3, '케이프 여우', '케이프여우는 은회색 털을 지녔으며 옆구리와 배는 누런빛이다. 큰 귀와 어두운 입주위가 특징적이다. 꼬리는 북슬북슬하다. 어깨높이는 35cm가량이며 몸무게는 2.5kg~3kg 정도이다.', 'https://kkini.s3.ap-northeast-2.amazonaws.com/uniqon/AI%EC%82%AC%EC%A7%84/%EC%BC%80%EC%9D%B4%ED%94%84%EC%97%AC%EC%9A%B0AI.png');

INSERT INTO uniqon.middle_classifications (main_classification_id, middle_classification_id, species, feature, image) VALUES (2, 4, '레오파드게코 도마뱀', '서남아시아 원산의 사막 도마뱀의 일종으로 레오파드 모프 그대로 표범을 연상케 하는 점무늬가 특징인 도마뱀입니다. 발톱과 발가락의 흡반이 없으며 눈꺼풀을 움직일 수 있습니다.', 'https://kkini.s3.ap-northeast-2.amazonaws.com/uniqon/AI%EC%82%AC%EC%A7%84/%EB%A0%88%EC%98%A4%ED%8C%8C%EB%93%9CAI.png');
INSERT INTO uniqon.middle_classifications (main_classification_id, middle_classification_id, species, feature, image) VALUES (2, 5, '크레스티드 게코 도마뱀', '크레스티드 게코의 발색은 회색에서부터 갈색, 붉은색, 주황색, 노란색까지 다채로운 색과 무늬를 가지고 있다. 그리고 수직 표면도 쉽게 이동할 수 있는 특화된 발바닥을 가지고 있다. 크레스티드 게코의 꼬리는 물건을 집을 수 있으며 재빠르게 움직일 수 있다.', 'https://kkini.s3.ap-northeast-2.amazonaws.com/uniqon/AI%EC%82%AC%EC%A7%84/%ED%81%AC%EB%A0%88%EC%8A%A4%ED%8B%B0%EB%93%9CAI.png');
INSERT INTO uniqon.middle_classifications (main_classification_id, middle_classification_id, species, feature, image) VALUES (2, 6, '턱수염 도마뱀', '턱수염도마뱀은 사납게 생긴 외모와는 달리 매우 온순하다. 성체가 되면 하루의 대부분을 그냥 한가롭게 햇빛이나 쬐고 있을 정도로 느긋한 성격이고, 새끼 시절부터 핸들링을 자주 해 줬다면 사람을 물 일도 거의 없다.', 'https://kkini.s3.ap-northeast-2.amazonaws.com/uniqon/AI%EC%82%AC%EC%A7%84/%ED%84%B1%EC%88%98%EC%97%BC%EB%8F%84%EB%A7%88%EB%B1%80AI2.png');

INSERT INTO uniqon.middle_classifications (main_classification_id, middle_classification_id, species, feature, image) VALUES (3, 7, '쟁기 거북', '쟁기거북이라고 불리는 이유는 앞발 사이에 복갑의 막대기와 같은 부분이 쟁기와 닮았다고 하여서 붙여진 이름인데요. 등딱지는 높은 돔 각 직사각형의 방패에 눈에 잘 띄는 성장고리와 갈색빛입니다. 등껍질의 크기는 43cm정도이며 수컷의 경우 전체 길이는 41cm에 10kg정도, 암컷의 경우 37cm에 8.8kg 정도의 무게를 가진다고 합니다.', 'https://kkini.s3.ap-northeast-2.amazonaws.com/uniqon/AI%EC%82%AC%EC%A7%84/%EC%9F%81%EA%B8%B0%EA%B1%B0%EB%B6%81AI.png');
INSERT INTO uniqon.middle_classifications (main_classification_id, middle_classification_id, species, feature, image) VALUES (3, 8, '붉은귀 거북', '붉은귀거북의 등딱지(갑)는 부드러우며 완만하게 구부러져 있다. 등딱지는 진초록색에 노란색의 줄무늬가 있다. 눈의 바로 뒤쪽에 붉은색 무늬가 있는 것이 특징이며, 여기에서 붉은귀거북이라는 이름이 붙었다.', 'https://kkini.s3.ap-northeast-2.amazonaws.com/uniqon/AI%EC%82%AC%EC%A7%84/%EB%B6%89%EC%9D%80%EA%B7%80%EA%B1%B0%EB%B6%81AI.png');
INSERT INTO uniqon.middle_classifications (main_classification_id, middle_classification_id, species, feature, image) VALUES (3, 9, '커먼 머스크 터틀', '커먼 머스크 터틀의 특징은 어두운 몸색깔과 얼굴에 있는 흰줄기, 그리고 무엇보다 앙증맞은 작은 체구에요. 몸 길이는 8~10cm전후! 최대신장 13.6cm정도에요.', 'https://kkini.s3.ap-northeast-2.amazonaws.com/uniqon/AI%EC%82%AC%EC%A7%84/%EC%BB%A4%EB%A8%BC%EB%A8%B8%EC%8A%A4%ED%81%AC%ED%84%B0%ED%8B%80AI.png');

INSERT INTO uniqon.middle_classifications (main_classification_id, middle_classification_id, species, feature, image) VALUES (4, 10, '금강 앵무', '몸 색깔은 녹색이며 이마, 얼굴과 꼬리깃 일부가 빨간색이 특징이다. 날개 끝과 꼬리 일부는 청색이다. 보통 2~3마리 정도로 생활하며 나무 위에서 먹이를 찾고 나는 속도가 빠르며 높이 난다.', 'https://kkini.s3.ap-northeast-2.amazonaws.com/uniqon/AI%EC%82%AC%EC%A7%84/%EA%B8%88%EA%B0%95%EC%95%B5%EB%AC%B4AI.png');
INSERT INTO uniqon.middle_classifications (main_classification_id, middle_classification_id, species, feature, image) VALUES (4, 11, '모란 앵무', '몸길이는 약 15cm 내외, 몸무게는 40~60g 정도예요. 아프리카 원산의 앵무로 파트너에 대한 애정이 깊기 때문에 \'러브버드\'라고도 불려요. 연한 핑크색을 띠고 있는 모습에서 이름이 지어졌어요.', 'https://kkini.s3.ap-northeast-2.amazonaws.com/uniqon/AI%EC%82%AC%EC%A7%84/%EB%AA%A8%EB%9E%80%EC%95%B5%EB%AC%B4AI.png');
INSERT INTO uniqon.middle_classifications (main_classification_id, middle_classification_id, species, feature, image) VALUES (4, 12, '오색 앵무', '초록색과 파랑이 혼합된 화려한 앵무이다. 꽃의 꿀을 먹기에 적합하도록 브러시 형태의 혀를 가지고 있다. 과즙을 주로 먹기 때문에 물이 많이 섞인 변을 보는 것이 특징이다. 저지의 삼림에 살며 꽃 꿀, 열매 등을 먹는다.', 'https://kkini.s3.ap-northeast-2.amazonaws.com/uniqon/AI%EC%82%AC%EC%A7%84/%EC%98%A4%EC%83%89%EC%95%B5%EB%AC%B4AI.png');

INSERT INTO uniqon.middle_classifications (main_classification_id, middle_classification_id, species, feature, image) VALUES (5, 13, '구피', '구피는 성적 이형성을 가지고 있다. 야생의 구피 암컷은 무늬가 없고 몸 전체가 회색을 띄지만, 수컷은 몸과 꼬리에 다양한 색상의 화려한 무늬나 점 등으로 암컷을 유혹한다. 이로 인해 포식자에게 더 발견되기 쉬워질 수 있습니다.', 'https://kkini.s3.ap-northeast-2.amazonaws.com/uniqon/AI%EC%82%AC%EC%A7%84/%EA%B5%AC%ED%94%BCAI.png');
INSERT INTO uniqon.middle_classifications (main_classification_id, middle_classification_id, species, feature, image) VALUES (5, 14, '플라워혼', '화려한 무늬와 머리위에 돋아난 큰 혹이 특징으로 성체는 25~30cm까지 자라는 대형 시클리드다. 수명은 약 8~10년 정도 된다. 우리나라에선 사람을 알아보고 잘 따르는 것처럼 보여서 \'워터독, 물강아지\'라고도 부른다.', 'https://kkini.s3.ap-northeast-2.amazonaws.com/uniqon/AI%EC%82%AC%EC%A7%84/%ED%94%8C%EB%9D%BC%EC%9B%8C%ED%98%BCAI.png');
INSERT INTO uniqon.middle_classifications (main_classification_id, middle_classification_id, species, feature, image) VALUES (5, 15, '플래티', '플래티는 어항을 부지런하게 누비고 다니는 작고 귀여운 모습의 열대어인데요. 동그랗고 놀란 듯한 눈이 매력적인 플래티는 온순한 성격으로 비슷한 크기의 다른 열대어들과 같이 키워도 싸우지 않고 잘 어울리지만, 플래티 수컷끼리는 공격적인 모습을 보이기도 합니다.', 'https://kkini.s3.ap-northeast-2.amazonaws.com/uniqon/AI%EC%82%AC%EC%A7%84/%ED%94%8C%EB%9E%98%ED%8B%B0AI.png');

INSERT INTO uniqon.middle_classifications (main_classification_id, middle_classification_id, species, feature, image) VALUES (6, 16, '킹코브라', '킹코브라의 피부는 짙은올리브 또는 갈색이며 검은색, 흰색 또는 노란색 밴드가 교차되어 있다. 주둥이 가까운 곳, 눈쪽에 두 줄의 가로 무늬가 있다. 몸길이와 체중은 지역 및 기타 요인에 따라서 변화가 심하다.', 'https://kkini.s3.ap-northeast-2.amazonaws.com/uniqon/AI%EC%82%AC%EC%A7%84/%ED%82%B9%EC%BD%94%EB%B8%8C%EB%9D%BCAI.png');
INSERT INTO uniqon.middle_classifications (main_classification_id, middle_classification_id, species, feature, image) VALUES (6, 17, '밀크스네이크', '전체적인 외형은 다 알록달록 화려한 색이 얼핏 보면 산호 뱀과 상당히 유사하지만 전혀 다른 뱀으로 밀크 스네이크는 독이 없습니다. 독이 있는 산호 뱀과 구별하는 방법은 붉은 줄무늬가 노란색과 붙어있는지, 검은색과 붙어있는지를 확인하면 구별하기 쉽습니다.', 'https://kkini.s3.ap-northeast-2.amazonaws.com/uniqon/AI%EC%82%AC%EC%A7%84/%EB%B0%80%ED%81%AC%EC%8A%A4%EB%84%A4%EC%9D%B4%ED%81%ACAI.png');
INSERT INTO uniqon.middle_classifications (main_classification_id, middle_classification_id, species, feature, image) VALUES (6, 18, '볼파이톤', '볼파이톤은 작은 체구와 귀여운 외모, 온순한 성격, 튼튼한 체질, 저렴한 가격으로 인해 애완 뱀에 처음 입문하는 사람들에게 이상적인 초보 입문용 뱀으로 킹스네이크, 콘스네이크와 함깨 입문용 스네이크로 평가되는데요. 뱀의 암수 구별은 불가능하지는 않지만, 힘듭니다.', 'https://kkini.s3.ap-northeast-2.amazonaws.com/uniqon/AI%EC%82%AC%EC%A7%84/%EB%B3%BC%ED%8C%8C%EC%9D%B4%ED%86%A4AI.png');

INSERT INTO uniqon.middle_classifications (main_classification_id, middle_classification_id, species, feature, image) VALUES (7, 19, '베일드 카멜레온', '베일드 카멜레온은 카멜레온과의 카멜레온속에 속하는 파충류입니다. 다른 카멜레온들보다 머리 위에 훨씬 높게 솟은 투구와 마치 눌린 듯 초록색 나뭇잎처럼 생긴 납작한 몸이 특징입니다.', 'https://kkini.s3.ap-northeast-2.amazonaws.com/uniqon/AI%EC%82%AC%EC%A7%84/%EB%B2%A0%EC%9D%BC%EB%A6%ACAI.png');
INSERT INTO uniqon.middle_classifications (main_classification_id, middle_classification_id, species, feature, image) VALUES (7, 20, '피그미 카멜레온', '외형이 다른 도마뱀들과 확연히 구분되는데, 우선 체형이 세로로 넓직하며, 돌출된 두 안구는 360º로 따로 돌아가고, 작은 구멍이 뚫린 눈꺼풀이 항시 덮고 있다. 또한 발도 두갈래로 나뉘어서 나뭇가지 등을 \'잡는 데\' 유리한 모양이다. 눈을 각각 360도로 굴리는 능력이 있어서 시야에 있어 사실상 사각이 거의 없다.', 'https://kkini.s3.ap-northeast-2.amazonaws.com/uniqon/AI%EC%82%AC%EC%A7%84/%ED%94%BC%EA%B7%B8%EB%AF%B8AI.png');
INSERT INTO uniqon.middle_classifications (main_classification_id, middle_classification_id, species, feature, image) VALUES (7, 21, '파슨 카멜레온', '세계에서 가장 큰 카멜레온 (보통 몸무게로는 가장 크지만, 길이로는 가장 큰 타이틀을 가진 왕카멜레온보다 작다) 중에서 수컷 파슨카멜레온은 눈 위부터 코까지 이어지는 융기선을 가지고 있으며, 두 개의 사마귀 뿔을 형성하고 있다. 널리 알려진 2종의 아종이 있다.', 'https://kkini.s3.ap-northeast-2.amazonaws.com/uniqon/AI%EC%82%AC%EC%A7%84/%ED%8C%8C%EC%8A%A8AI.png');

INSERT INTO uniqon.middle_classifications (main_classification_id, middle_classification_id, species, feature, image) VALUES (8, 22, '아펜 핀셔', '아펜핀셔의 키는 25-30cm, 몸무게 3-47kg로 소형견이며 토이그룹에 속한답니다. 작지만 골격이 튼튼하고 동그랗게 반짝이는 작은 눈 때문에 원숭이처럼 보입니다. 몸 전체가 덥수룩한 털로 뒤덮여 있고, 입 주위에 턱수염 같은 털이 수북이 나있어 우스꽝스럽게 보입니다.', 'https://kkini.s3.ap-northeast-2.amazonaws.com/uniqon/AI%EC%82%AC%EC%A7%84/%EC%95%84%ED%8E%9C%ED%95%80%EC%85%94AI.png');


-- NFT 더미
# INSERT INTO uniqon.nfts (age, middle_classification_id, nft_id, token_id, name, contract_address, feature, nft_tx_hash, nft_url, image, wallet_address, liked_cnt,creater) VALUES (3, 8, 1, 111111, '멍뭉이', '0x00000', '개귀여움', 'asdfasf123sfasd', 'http://dfsdf', 'https://gateway.pinata.cloud/ipfs/QmWorfYFv5TWPpoSvfhqTAGSxq2UZFV8e3L9UnG46BKt6W', '0x00000000000000', 0,'0x00000000000000');
# INSERT INTO uniqon.nfts (age, middle_classification_id, nft_id, token_id, name, contract_address, feature, nft_tx_hash, nft_url, image, wallet_address, liked_cnt,creater) VALUES (5, 1, 2, 222222, '여우야', '0x11111', '키울까', '32132313123123123', 'http://dfsdf', 'https://img.freepik.com/premium-photo/bengal-fox_829513-12.jpg?w=1380', '0x11111111111111', 0,'0x11111111111111');
# INSERT INTO uniqon.nfts (age, middle_classification_id, nft_id, token_id, name, contract_address, feature, nft_tx_hash, nft_url, image, wallet_address, liked_cnt,creater) VALUES (9, 2, 3, 333333, '게코야', '0x22222', '안물어요', 'asdfasdfsadfasd1231', 'http://dfsdf', 'https://mblogthumb-phinf.pstatic.net/MjAyMjA2MjNfMjA2/MDAxNjU1OTU4NTYxMDIz.achk3IWi-S91LzH1nFN3Vn31I1J8vjgtbRO9Pww48uEg.WYoUzX0vMVzt2wYU_HJ6sjAvrts9F3Y3BwWen8CK9Wog.JPEG.ecoanimal/%EC%97%90%EC%BD%94%EB%B8%94%EB%A1%9C%EA%B7%B8%EC%8D%B8%EB%84%A4%EC%9D%BC.jpg?type=w800', '0x22222222222222', 0,'0x22222222222222');
# INSERT INTO uniqon.nfts (age, middle_classification_id, nft_id, token_id, name, contract_address, feature, nft_tx_hash, nft_url, image, wallet_address, liked_cnt,creater) VALUES (2, 3, 4, 444444, '거북아', '0x33333', '진짜 느려요', '12312312312312312', 'http://dfsdf', 'https://pbs.twimg.com/media/FfeLasVVIAAH1Wc?format=jpg&name=small', '0x33333333333333', 0);
# INSERT INTO uniqon.nfts (age, middle_classification_id, nft_id, token_id, name, contract_address, feature, nft_tx_hash, nft_url, image, wallet_address, liked_cnt,creater) VALUES (15, 4, 5, 555555, '무새야', '0x44444', '말 잘해요', 'sdfasdfasdfsadfsadf', 'http://dfsdf', 'https://img1.daumcdn.net/thumb/R1280x0/?scode=mtistory2&fname=https%3A%2F%2Fblog.kakaocdn.net%2Fdn%2Fbj2a16%2Fbtq0mxwF8WY%2FCRUKt8idvrNiSzI7q5mp0k%2Fimg.jpg', '0x33333333333333', 0,'0x33333333333333');
# INSERT INTO uniqon.nfts (age, middle_classification_id, nft_id, token_id, name, contract_address, feature, nft_tx_hash, nft_url, image, wallet_address, liked_cnt,creater) VALUES (15, 5, 6, 666666, '고기야', '0x55555', '하얘요', 'sdfasdfasdfsadfsadf', 'http://dfsdf', 'http://www.greenfish.co.kr/shopimages/kjoo33/0110010002082.jpg?1616490732', '0x44444444444444', 0,'0x44444444444444');
# INSERT INTO uniqon.nfts (age, middle_classification_id, nft_id, token_id, name, contract_address, feature, nft_tx_hash, nft_url, image, wallet_address, liked_cnt,creater) VALUES (15, 6, 7, 777777, '우리뱀', '0x66666', '보기보다 순해요', 'sdfasdfasdfsadfsadf', 'http://dfsdf', 'https://image.dongascience.com/Photo/2021/02/c7cc7d5fff707b80b9f2f62e5efd4ea1.jpg', '0x55555555555555', 0,'0x55555555555555');
# INSERT INTO uniqon.nfts (age, middle_classification_id, nft_id, token_id, name, contract_address, feature, nft_tx_hash, nft_url, image, wallet_address, liked_cnt,creater) VALUES (15, 7, 8, 888888, '레온아', '0x77777', '은근 귀여워요', 'sdfasdfasdfsadfsadf', 'http://dfsdf', 'https://mblogthumb-phinf.pstatic.net/MjAxOTA1MjBfMjA0/MDAxNTU4MzYyNDkzMTc2.e1hQWfkktS4Snd_x44JGALvox_PzUtzy8TXVE0WpidEg.NkeXm_jFM5rI987A-GYppO5ivoDpc_SfdZcv-y-oPYUg.JPEG.fallsun1/2019-02-162016-55-31_shop1_165644.jpg?type=w800', '0x55555555555555', 0,'0x55555555555555');

-- POST 더미
INSERT INTO uniqon.posts (nft_id, post_id, price, state, create_datetime, sale_completed_datetime, update_datetime, title, content, buyer, seller) VALUES (2, 1, 100, 0, '2023-09-23 16:50:56', null, null, '귀여운 여우', '여우 너무 귀엽조', null, '0x11111111111111');
INSERT INTO uniqon.posts (nft_id, post_id, price, state, create_datetime, sale_completed_datetime, update_datetime, title, content, buyer, seller) VALUES (3, 2, 200, 0, '2023-09-24 16:50:56', null, null, '귀여운 게코~', '게코 너무 귀엽조', null, '0x22222222222222');
INSERT INTO uniqon.posts (nft_id, post_id, price, state, create_datetime, sale_completed_datetime, update_datetime, title, content, buyer, seller) VALUES (4, 3, 500, 0, '2023-09-25 16:50:56', null, null, '귀여운 거북~', '거북 너무 귀엽조', null, '0x22222222222222');
INSERT INTO uniqon.posts (nft_id, post_id, price, state, create_datetime, sale_completed_datetime, update_datetime, title, content, buyer, seller) VALUES (5, 4, 235, 0, '2023-09-26 16:50:56', null, null, '귀여운 무새~', '무새 너무 귀엽조', null, '0x33333333333333');
INSERT INTO uniqon.posts (nft_id, post_id, price, state, create_datetime, sale_completed_datetime, update_datetime, title, content, buyer, seller) VALUES (6, 5, 1351, 0, '2023-09-20 16:50:56', null, null, '귀여운 고기~', '고기 너무 귀엽조', null, '0x33333333333333');
INSERT INTO uniqon.posts (nft_id, post_id, price, state, create_datetime, sale_completed_datetime, update_datetime, title, content, buyer, seller) VALUES (7, 6, 135, 0, '2023-09-19 16:50:56', null, null, '귀여운 뱀~', '뱀 너무 귀엽조', null, '0x44444444444444');
INSERT INTO uniqon.posts (nft_id, post_id, price, state, create_datetime, sale_completed_datetime, update_datetime, title, content, buyer, seller) VALUES (8, 7, 50, 0, '2023-09-18 16:50:56', null, null, '귀여운 레온~', '레온 너무 귀엽조', null, '0x55555555555555');
INSERT INTO uniqon.posts (nft_id, post_id, price, state, create_datetime, sale_completed_datetime, update_datetime, title, content, buyer, seller) VALUES (1, 8, 135, 0, '2023-09-17 16:50:56', null, null, '귀여운 멍뭉~', '멍뭉 너무 귀엽조', null, '0x00000000000000');
-- 구매자 있는 경우
-- INSERT INTO uniqon.posts (nft_id, post_id, price, state, create_datetime, sale_completed_datetime, update_datetime, title, content, buyer, seller) VALUES (1, 1, 100, 0, '2023-09-23 16:50:56', null, null, '귀여운 여우', '여우 너무 귀엽조', '0x00000000000000', '0x11111111111111');
-- INSERT INTO uniqon.posts (nft_id, post_id, price, state, create_datetime, sale_completed_datetime, update_datetime, title, content, buyer, seller) VALUES (2, 2, 200, 0, '2023-09-24 16:50:56', null, null, '귀여운 게코~', '게코 너무 귀엽조', '0x33333333333333', '0x22222222222222');
-- INSERT INTO uniqon.posts (nft_id, post_id, price, state, create_datetime, sale_completed_datetime, update_datetime, title, content, buyer, seller) VALUES (3, 3, 500, 0, '2023-09-25 16:50:56', null, null, '귀여운 거북~', '거북 너무 귀엽조', '0x44444444444444', '0x22222222222222');
-- INSERT INTO uniqon.posts (nft_id, post_id, price, state, create_datetime, sale_completed_datetime, update_datetime, title, content, buyer, seller) VALUES (4, 4, 235, 0, '2023-09-26 16:50:56', null, null, '귀여운 무새~', '무새 너무 귀엽조', '0x11111111111111', '0x33333333333333');
-- INSERT INTO uniqon.posts (nft_id, post_id, price, state, create_datetime, sale_completed_datetime, update_datetime, title, content, buyer, seller) VALUES (5, 5, 1351, 0, '2023-09-20 16:50:56', null, null, '귀여운 고기~', '고기 너무 귀엽조', '0x00000000000000', '0x33333333333333');
-- INSERT INTO uniqon.posts (nft_id, post_id, price, state, create_datetime, sale_completed_datetime, update_datetime, title, content, buyer, seller) VALUES (6, 6, 135, 0, '2023-09-19 16:50:56', null, null, '귀여운 뱀~', '뱀 너무 귀엽조', '0x55555555555555', '0x44444444444444');
-- INSERT INTO uniqon.posts (nft_id, post_id, price, state, create_datetime, sale_completed_datetime, update_datetime, title, content, buyer, seller) VALUES (7, 7, 50, 0, '2023-09-18 16:50:56', null, null, '귀여운 레온~', '레온 너무 귀엽조', '0x22222222222222', '0x55555555555555');
-- INSERT INTO uniqon.posts (nft_id, post_id, price, state, create_datetime, sale_completed_datetime, update_datetime, title, content, buyer, seller) VALUES (8, 8, 135, 0, '2023-09-17 16:50:56', null, null, '귀여운 멍뭉~', '멍뭉 너무 귀엽조', '0x44444444444444', '0x00000000000000');

-- Wishlist 더미
INSERT INTO uniqon.wish_list (post_id, wishlist_id, member_id) VALUES (1, 1, '0x00000000000000');
INSERT INTO uniqon.wish_list (post_id, wishlist_id, member_id) VALUES (2, 2, '0x00000000000000');
INSERT INTO uniqon.wish_list (post_id, wishlist_id, member_id) VALUES (3, 3, '0x00000000000000');

INSERT INTO uniqon.notifications (checked, notification_id, post_id, create_datetime, title, content, member_id) VALUES (0, 1, 1, '2023-10-03 20:45:29.000000', '판매 완료 알림', '등록하신 \\귀여운 여우\\ 판매 글의 NFT가 판매 되었습니다.', '0xcf764542E31D9A0DCae80751A472701aA8172E84');
INSERT INTO uniqon.notifications (checked, notification_id, post_id, create_datetime, title, content, member_id) VALUES (0, 2, 2, '2023-10-03 20:45:30.000000', '판매 완료 알림', '등록하신 \\귀여운 게코~\\ 판매 글의 NFT가 판매 되었습니다.', '0xcf764542E31D9A0DCae80751A472701aA8172E84');
INSERT INTO uniqon.notifications (checked, notification_id, post_id, create_datetime, title, content, member_id) VALUES (0, 3, 3, '2023-10-03 20:45:31.000000', '판매 완료 알림', '등록하신 \\귀여운 거북~\\ 판매 글의 NFT가 판매 되었습니다.', '0xcf764542E31D9A0DCae80751A472701aA8172E84');


INSERT INTO uniqon.nfts (age, liked_cnt, middle_classification_id, nft_id, token_id, name, contract_address, feature, nft_tx_hash, nft_url, image, creater, wallet_address) VALUES (3, 0, 8, 1, 111111, '멍뭉이', '0x00000', '개귀여움', 'asdfasf123sfasd', 'http://dfsdf', 'https://gateway.pinata.cloud/ipfs/QmWorfYFv5TWPpoSvfhqTAGSxq2UZFV8e3L9UnG46BKt6W', '0x00000000000000', '0x00000000000000');
INSERT INTO uniqon.nfts (age, liked_cnt, middle_classification_id, nft_id, token_id, name, contract_address, feature, nft_tx_hash, nft_url, image, creater, wallet_address) VALUES (5, 0, 1, 2, 222222, '여우야', '0x11111', '키울까', '32132313123123123', 'http://dfsdf', 'https://img.freepik.com/premium-photo/bengal-fox_829513-12.jpg?w=1380', '0x11111111111111', '0x11111111111111');
INSERT INTO uniqon.nfts (age, liked_cnt, middle_classification_id, nft_id, token_id, name, contract_address, feature, nft_tx_hash, nft_url, image, creater, wallet_address) VALUES (9, 0, 2, 3, 333333, '게코야', '0x22222', '안물어요', 'asdfasdfsadfasd1231', 'http://dfsdf', 'https://mblogthumb-phinf.pstatic.net/MjAyMjA2MjNfMjA2/MDAxNjU1OTU4NTYxMDIz.achk3IWi-S91LzH1nFN3Vn31I1J8vjgtbRO9Pww48uEg.WYoUzX0vMVzt2wYU_HJ6sjAvrts9F3Y3BwWen8CK9Wog.JPEG.ecoanimal/%EC%97%90%EC%BD%94%EB%B8%94%EB%A1%9C%EA%B7%B8%EC%8D%B8%EB%84%A4%EC%9D%BC.jpg?type=w800', '0x22222222222222', '0x22222222222222');
INSERT INTO uniqon.nfts (age, liked_cnt, middle_classification_id, nft_id, token_id, name, contract_address, feature, nft_tx_hash, nft_url, image, creater, wallet_address) VALUES (15, 0, 4, 5, 555555, '무새야', '0x44444', '말 잘해요', 'sdfasdfasdfsadfsadf', 'http://dfsdf', 'https://img1.daumcdn.net/thumb/R1280x0/?scode=mtistory2&fname=https%3A%2F%2Fblog.kakaocdn.net%2Fdn%2Fbj2a16%2Fbtq0mxwF8WY%2FCRUKt8idvrNiSzI7q5mp0k%2Fimg.jpg', '0x33333333333333', '0x33333333333333');
INSERT INTO uniqon.nfts (age, liked_cnt, middle_classification_id, nft_id, token_id, name, contract_address, feature, nft_tx_hash, nft_url, image, creater, wallet_address) VALUES (15, 0, 5, 6, 666666, '고기야', '0x55555', '하얘요', 'sdfasdfasdfsadfsadf', 'http://dfsdf', 'http://www.greenfish.co.kr/shopimages/kjoo33/0110010002082.jpg?1616490732', '0x44444444444444', '0x44444444444444');
INSERT INTO uniqon.nfts (age, liked_cnt, middle_classification_id, nft_id, token_id, name, contract_address, feature, nft_tx_hash, nft_url, image, creater, wallet_address) VALUES (15, 0, 6, 7, 777777, '우리뱀', '0x66666', '보기보다 순해요', 'sdfasdfasdfsadfsadf', 'http://dfsdf', 'https://image.dongascience.com/Photo/2021/02/c7cc7d5fff707b80b9f2f62e5efd4ea1.jpg', '0x55555555555555', '0x55555555555555');
INSERT INTO uniqon.nfts (age, liked_cnt, middle_classification_id, nft_id, token_id, name, contract_address, feature, nft_tx_hash, nft_url, image, creater, wallet_address) VALUES (15, 0, 7, 8, 888888, '레온아', '0x77777', '은근 귀여워요', 'sdfasdfasdfsadfsadf', 'http://dfsdf', 'https://mblogthumb-phinf.pstatic.net/MjAxOTA1MjBfMjA0/MDAxNTU4MzYyNDkzMTc2.e1hQWfkktS4Snd_x44JGALvox_PzUtzy8TXVE0WpidEg.NkeXm_jFM5rI987A-GYppO5ivoDpc_SfdZcv-y-oPYUg.JPEG.fallsun1/2019-02-162016-55-31_shop1_165644.jpg?type=w800', '0x55555555555555', '0x55555555555555');
INSERT INTO uniqon.nfts (age, liked_cnt, middle_classification_id, nft_id, token_id, name, contract_address, feature, nft_tx_hash, nft_url, image, creater, wallet_address) VALUES (33, 0, null, 9, 48, '잠만보', '0x303a548f56ff203d435190ea3a082b59d726ce36', '귀여움', '0x869a48d1d203ac3dbb087b61e3b380c369fcbca9e33914ffb41c5dfb7d2d7cba', 'https://gateway.pinata.cloud/ipfs/QmenNH6AWe6zywCbf4DwnQxP9nq3H2g9YkytNmyo7efJ9q', 'https://gateway.pinata.cloud/ipfs/QmX5ppHSf3gf2WvWASKcNjTvJn6NqAzzPk3yheU1RjPPPA', '0x00000000000000', '0xfBd361508736503f5dBd6DA6a485cA2F04B13115');
INSERT INTO uniqon.nfts (age, liked_cnt, middle_classification_id, nft_id, token_id, name, contract_address, feature, nft_tx_hash, nft_url, image, creater, wallet_address) VALUES (1, 0, 5, 10, 49, '돼라', '0x303a548f56ff203d435190ea3a082b59d726ce36', '돼지', '0x6abcbca64755866fb0f795913ac53483ce056ab9ec81360015e920ac376e064d', 'https://gateway.pinata.cloud/ipfs/QmQRCmsaG6eDYsNQHsYPDktk4CBGbjt5JfWaJ1JagbMRkP', 'https://gateway.pinata.cloud/ipfs/QmX5ppHSf3gf2WvWASKcNjTvJn6NqAzzPk3yheU1RjPPPA', '0xfBd361508736503f5dBd6DA6a485cA2F04B13115', '0xfBd361508736503f5dBd6DA6a485cA2F04B13115');
INSERT INTO uniqon.nfts (age, liked_cnt, middle_classification_id, nft_id, token_id, name, contract_address, feature, nft_tx_hash, nft_url, image, creater, wallet_address) VALUES (33, 0, null, 11, 48, '잠만보', '0x303a548f56ff203d435190ea3a082b59d726ce36', '귀여움', '0x869a48d1d203ac3dbb087b61e3b380c369fcbca9e33914ffb41c5dfb7d2d7cba', 'https://gateway.pinata.cloud/ipfs/QmenNH6AWe6zywCbf4DwnQxP9nq3H2g9YkytNmyo7efJ9q', 'https://gateway.pinata.cloud/ipfs/QmX5ppHSf3gf2WvWASKcNjTvJn6NqAzzPk3yheU1RjPPPA', '0xd83e613d8B4a2Cb4fAFA04F1ee87C8e6900b81A4', '0xd83e613d8B4a2Cb4fAFA04F1ee87C8e6900b81A4');
INSERT INTO uniqon.nfts (age, liked_cnt, middle_classification_id, nft_id, token_id, name, contract_address, feature, nft_tx_hash, nft_url, image, creater, wallet_address) VALUES (1, 0, 5, 12, 49, '돼라', '0x303a548f56ff203d435190ea3a082b59d726ce36', '돼지', '0x6abcbca64755866fb0f795913ac53483ce056ab9ec81360015e920ac376e064d', 'https://gateway.pinata.cloud/ipfs/QmQRCmsaG6eDYsNQHsYPDktk4CBGbjt5JfWaJ1JagbMRkP', 'https://gateway.pinata.cloud/ipfs/QmX5ppHSf3gf2WvWASKcNjTvJn6NqAzzPk3yheU1RjPPPA', '0xd83e613d8B4a2Cb4fAFA04F1ee87C8e6900b81A4', '0xd83e613d8B4a2Cb4fAFA04F1ee87C8e6900b81A4');
INSERT INTO uniqon.nfts (age, liked_cnt, middle_classification_id, nft_id, token_id, name, contract_address, feature, nft_tx_hash, nft_url, image, creater, wallet_address) VALUES (1, 0, 5, 13, 49, '멍뭉이', '0x303a548f56ff203d435190ea3a082b59d726ce36', '개귀여움', '0x6abcbca64755866fb0f795913ac53483ce056ab9ec81360015e920ac376e064d', 'https://gateway.pinata.cloud/ipfs/QmQRCmsaG6eDYsNQHsYPDktk4CBGbjt5JfWaJ1JagbMRkP', 'https://gateway.pinata.cloud/ipfs/QmWorfYFv5TWPpoSvfhqTAGSxq2UZFV8e3L9UnG46BKt6W', '0xd83e613d8B4a2Cb4fAFA04F1ee87C8e6900b81A4', '0xd83e613d8B4a2Cb4fAFA04F1ee87C8e6900b81A4');
INSERT INTO uniqon.nfts (age, liked_cnt, middle_classification_id, nft_id, token_id, name, contract_address, feature, nft_tx_hash, nft_url, image, creater, wallet_address) VALUES (1, 0, 5, 14, 49, '여우야', '0x303a548f56ff203d435190ea3a082b59d726ce36', '키울까', '0x6abcbca64755866fb0f795913ac53483ce056ab9ec81360015e920ac376e064d', 'https://gateway.pinata.cloud/ipfs/QmQRCmsaG6eDYsNQHsYPDktk4CBGbjt5JfWaJ1JagbMRkP', 'https://img.freepik.com/premium-photo/bengal-fox_829513-12.jpg?w=1380', '0xd83e613d8B4a2Cb4fAFA04F1ee87C8e6900b81A4', '0xd83e613d8B4a2Cb4fAFA04F1ee87C8e6900b81A4');
